symbol,company_name,topic,weight_tfidf,first_year,last_year
A,"Agilent Technologies, Inc.",clinical,0.1193151500546231,2024,2024
A,"Agilent Technologies, Inc.",diagnostics,0.09392115484461631,2024,2024
A,"Agilent Technologies, Inc.",orders,0.09868764455457303,2024,2024
A,"Agilent Technologies, Inc.",pharma,0.3215782418987382,2024,2024
AAPL,Apple Inc.,ai,0.07233707983046758,2024,2024
AAPL,Apple Inc.,gross,0.0722975860125046,2024,2024
AAPL,Apple Inc.,gross margin,0.06641110350787444,2024,2024
AAPL,Apple Inc.,installed base,0.09370831914551209,2024,2024
ABBV,AbbVie Inc.,disease,0.2225663154728609,2024,2024
ABBV,AbbVie Inc.,market growth,0.07805489730520554,2024,2024
ABBV,AbbVie Inc.,oncology,0.16890651142619814,2024,2024
ABBV,AbbVie Inc.,patients,0.39075951720335267,2024,2024
ABBV,AbbVie Inc.,sales billion,0.08258796844507545,2024,2024
ABBV,AbbVie Inc.,therapies,0.10840385948164179,2024,2024
ABBV,AbbVie Inc.,therapy,0.12162455333754223,2024,2024
ABBV,AbbVie Inc.,trial,0.0823258471555327,2024,2024
ABNB,"Airbnb, Inc.",ai,0.037149408832733176,2024,2024
ABNB,"Airbnb, Inc.",bookings,0.04819963909579935,2024,2024
ABNB,"Airbnb, Inc.",customer service,0.03437402720416995,2024,2024
ABNB,"Airbnb, Inc.",hotel,0.08468769627626248,2024,2024
ABNB,"Airbnb, Inc.",hotels,0.12002065951318462,2024,2024
ABNB,"Airbnb, Inc.",marketing,0.058759639760579366,2024,2024
ABNB,"Airbnb, Inc.",supply,0.06283179328349815,2024,2024
ABNB,"Airbnb, Inc.",travel,0.09279724536866417,2024,2024
ABT,Abbott Laboratories,clinical,0.195388836470004,2024,2024
ABT,Abbott Laboratories,diagnostic,0.09384381795248022,2024,2024
ABT,Abbott Laboratories,diagnostics,0.1839056182133786,2024,2024
ABT,Abbott Laboratories,gross,0.15052897810384447,2024,2024
ABT,Abbott Laboratories,gross margin,0.16373586750406624,2024,2024
ABT,Abbott Laboratories,medical,0.0927374582294732,2024,2024
ABT,Abbott Laboratories,organic sales,0.13579674778428144,2024,2024
ABT,Abbott Laboratories,sales growth,0.1675934195970744,2024,2024
ABT,Abbott Laboratories,sales increased,0.0822540427727246,2024,2024
ABT,Abbott Laboratories,trial,0.09474022034603487,2024,2024
ACGL,Arch Capital Group Ltd.,cyber,0.057896394295682094,2024,2024
ACGL,Arch Capital Group Ltd.,equity,0.05910766267298667,2024,2024
ACGL,Arch Capital Group Ltd.,loss,0.16405918224891788,2024,2024
ACGL,Arch Capital Group Ltd.,loss ratio,0.20101085168859437,2024,2024
ACGL,Arch Capital Group Ltd.,losses,0.08860244471584261,2024,2024
ACGL,Arch Capital Group Ltd.,mortgage,0.17129758780877322,2024,2024
ACGL,Arch Capital Group Ltd.,property,0.14833871481147692,2024,2024
ACN,Accenture plc,ai,0.18754257041822817,2024,2024
ACN,Accenture plc,banking,0.05712252191132647,2024,2024
ACN,Accenture plc,bookings,0.21624900779878475,2024,2024
ACN,Accenture plc,clients,0.420745134173484,2024,2024
ACN,Accenture plc,cloud,0.12143535362098277,2024,2024
ACN,Accenture plc,digital,0.14841856330691808,2024,2024
ACN,Accenture plc,generative ai,0.06374012654461063,2024,2024
ACN,Accenture plc,operating margin,0.06591771864819429,2024,2024
ADBE,Adobe Inc.,ai,0.19811057349497432,2024,2024
ADBE,Adobe Inc.,cloud,0.2233110822597688,2024,2024
ADBE,Adobe Inc.,digital,0.1468755572270353,2024,2024
ADBE,Adobe Inc.,generative ai,0.0761690132951031,2024,2024
ADBE,Adobe Inc.,models,0.08383921063627998,2024,2024
ADBE,Adobe Inc.,subscription,0.0668745881147187,2024,2024
ADBE,Adobe Inc.,workflows,0.06385234060567214,2024,2024
ADI,"Analog Devices, Inc.",ai,0.12265768156218233,2024,2024
ADI,"Analog Devices, Inc.",auto,0.124515715563095,2024,2024
ADI,"Analog Devices, Inc.",automotive,0.14884709505753668,2024,2024
ADI,"Analog Devices, Inc.",bookings,0.20254521201477732,2024,2024
ADI,"Analog Devices, Inc.",consumer,0.07735738196470665,2024,2024
ADI,"Analog Devices, Inc.",gross,0.1253768668417837,2024,2024
ADI,"Analog Devices, Inc.",gross margin,0.0989136236547646,2024,2024
ADI,"Analog Devices, Inc.",gross margins,0.0799528652892339,2024,2024
ADI,"Analog Devices, Inc.",industrial,0.366035961656136,2024,2024
ADI,"Analog Devices, Inc.",inventory,0.3100936011446312,2024,2024
ADI,"Analog Devices, Inc.",power,0.14126027186196202,2024,2024
ADI,"Analog Devices, Inc.",software,0.08800238173749113,2024,2024
ADI,"Analog Devices, Inc.",utilization,0.13365973611840018,2024,2024
ADM,Archer-Daniels-Midland Company,oil,0.3048932031645598,2024,2024
ADM,Archer-Daniels-Midland Company,operating profit,0.2492503939865427,2024,2024
ADM,Archer-Daniels-Midland Company,profit,0.15638150338407356,2024,2024
ADM,Archer-Daniels-Midland Company,volumes,0.11281030536249903,2024,2024
ADP,"Automatic Data Processing, Inc.",ai,0.0844937108161541,2024,2024
ADP,"Automatic Data Processing, Inc.",bookings,0.3139309482677509,2024,2024
ADP,"Automatic Data Processing, Inc.",client,0.33784486061460745,2024,2024
ADP,"Automatic Data Processing, Inc.",clients,0.3799235168465594,2024,2024
ADP,"Automatic Data Processing, Inc.",funds,0.08274657642829467,2024,2024
ADP,"Automatic Data Processing, Inc.",new business,0.10279499962755975,2024,2024
ADP,"Automatic Data Processing, Inc.",retention,0.22867876405569704,2024,2024
ADP,"Automatic Data Processing, Inc.",revenue growth,0.06960284742200601,2024,2024
ADSK,"Autodesk, Inc.",cash flow,0.17265947344360982,2024,2024
ADSK,"Autodesk, Inc.",cloud,0.1677035757308319,2024,2024
ADSK,"Autodesk, Inc.",construction,0.20702751396474442,2024,2024
ADSK,"Autodesk, Inc.",free cash,0.17369071593676283,2024,2024
ADSK,"Autodesk, Inc.",infrastructure,0.07852645994551598,2024,2024
ADSK,"Autodesk, Inc.",revenue growth,0.07852645994551598,2024,2024
ADSK,"Autodesk, Inc.",transaction,0.12508846209412997,2024,2024
ADSK,"Autodesk, Inc.",workflows,0.09568028080375192,2024,2024
AEE,Ameren Corporation,energy,0.16514576655042437,2024,2024
AEE,Ameren Corporation,equity,0.055178022312926546,2024,2024
AEE,Ameren Corporation,gas,0.08703165928645358,2024,2024
AEE,Ameren Corporation,grid,0.12220468388349817,2024,2024
AEE,Ameren Corporation,megawatt,0.05990065684714461,2024,2024
AEE,Ameren Corporation,megawatts,0.11349913123964474,2024,2024
AEE,Ameren Corporation,natural gas,0.06299995552890908,2024,2024
AEE,Ameren Corporation,regulatory,0.061122987914427586,2024,2024
AEP,"American Electric Power Company, Inc.",capital plan,0.12013729220477669,2024,2024
AEP,"American Electric Power Company, Inc.",data center,0.12264742213144073,2024,2024
AEP,"American Electric Power Company, Inc.",data centers,0.12644940882121006,2024,2024
AEP,"American Electric Power Company, Inc.",equity,0.13972274274991983,2024,2024
AEP,"American Electric Power Company, Inc.",gigawatts,0.11140924771401604,2024,2024
AEP,"American Electric Power Company, Inc.",industrial,0.07023531610663065,2024,2024
AEP,"American Electric Power Company, Inc.",operating earnings,0.1920663352695813,2024,2024
AEP,"American Electric Power Company, Inc.",regulatory,0.09171951851935799,2024,2024
AEP,"American Electric Power Company, Inc.",roe,0.07864449202861433,2024,2024
AES,The AES Corporation,adjusted ebitda,0.10835804330129525,2024,2024
AES,The AES Corporation,backlog,0.07633078263743706,2024,2024
AES,The AES Corporation,construction,0.07319015210411109,2024,2024
AES,The AES Corporation,credit,0.0750714920595048,2024,2024
AES,The AES Corporation,debt,0.08218996828062042,2024,2024
AES,The AES Corporation,ebitda,0.22746473862122357,2024,2024
AES,The AES Corporation,energy,0.11547297214449259,2024,2024
AES,The AES Corporation,gigawatts,0.34699807894280954,2024,2024
AES,The AES Corporation,online,0.07407258480022087,2024,2024
AES,The AES Corporation,power,0.0685880657124725,2024,2024
AES,The AES Corporation,utilities,0.2023610443798453,2024,2024
AFL,Aflac Incorporated,expense ratio,0.17798475055107205,2024,2024
AFL,Aflac Incorporated,medical,0.09289004024665191,2024,2024
AIG,"American International Group, Inc.",loss,0.2044710394672035,2024,2024
AIG,"American International Group, Inc.",loss ratio,0.16667845927602534,2024,2024
AIG,"American International Group, Inc.",losses,0.08655122942883547,2024,2024
AIG,"American International Group, Inc.",new business,0.14363260397382244,2024,2024
AIG,"American International Group, Inc.",property,0.12623956694434824,2024,2024
AIG,"American International Group, Inc.",roe,0.08268257323253518,2024,2024
AIZ,"Assurant, Inc.",adjusted ebitda,0.20963972106574166,2024,2024
AIZ,"Assurant, Inc.",auto,0.19407936170558665,2024,2024
AIZ,"Assurant, Inc.",client,0.14364973193224628,2024,2024
AIZ,"Assurant, Inc.",clients,0.2675062451957542,2024,2024
AIZ,"Assurant, Inc.",ebitda,0.19210540769374693,2024,2024
AIZ,"Assurant, Inc.",inflation,0.07262531856428169,2024,2024
AIZ,"Assurant, Inc.",loss,0.0877509708681106,2024,2024
AIZ,"Assurant, Inc.",losses,0.06451396073033827,2024,2024
AIZ,"Assurant, Inc.",vehicle,0.09277549562121128,2024,2024
AJG,Arthur J. Gallagher & Co.,client,0.07934511764564145,2024,2024
AJG,Arthur J. Gallagher & Co.,clients,0.13537750816136251,2024,2024
AJG,Arthur J. Gallagher & Co.,margin expansion,0.055262298549534815,2024,2024
AJG,Arthur J. Gallagher & Co.,new business,0.11871374027000725,2024,2024
AJG,Arthur J. Gallagher & Co.,organic growth,0.13979736449872174,2024,2024
AJG,Arthur J. Gallagher & Co.,property,0.14082250827611945,2024,2024
AJG,Arthur J. Gallagher & Co.,risk management,0.10976110395925025,2024,2024
AKAM,"Akamai Technologies, Inc.",ai,0.06356137526455828,2024,2024
AKAM,"Akamai Technologies, Inc.",cloud,0.2921248940766803,2024,2024
AKAM,"Akamai Technologies, Inc.",compute,0.5581532151393767,2024,2024
AKAM,"Akamai Technologies, Inc.",infrastructure,0.07164991098477834,2024,2024
AKAM,"Akamai Technologies, Inc.",platform,0.12649153169361785,2024,2024
AKAM,"Akamai Technologies, Inc.",traffic,0.15735035123598118,2024,2024
ALB,Albemarle Corporation,adjusted ebitda,0.11509982442325044,2024,2024
ALB,Albemarle Corporation,capex,0.10170861090780657,2024,2024
ALB,Albemarle Corporation,cash flow,0.0835840519630711,2024,2024
ALB,Albemarle Corporation,ebitda,0.19607132231953425,2024,2024
ALB,Albemarle Corporation,energy,0.15365875508909949,2024,2024
ALB,Albemarle Corporation,ev,0.1213570244884315,2024,2024
ALB,Albemarle Corporation,evs,0.08424856652674038,2024,2024
ALB,Albemarle Corporation,prices,0.18057053159097874,2024,2024
ALB,Albemarle Corporation,productivity,0.10713537944309126,2024,2024
ALB,Albemarle Corporation,volumes,0.14670640569755214,2024,2024
ALGN,"Align Technology, Inc.",digital,0.0877135973128828,2024,2024
ALGN,"Align Technology, Inc.",gross margin,0.10316270615655268,2024,2024
ALGN,"Align Technology, Inc.",operating margin,0.10256296202135906,2024,2024
ALGN,"Align Technology, Inc.",patient,0.09405885209905841,2024,2024
ALGN,"Align Technology, Inc.",patients,0.24639737372114484,2024,2024
ALGN,"Align Technology, Inc.",revenues,0.1783153041328182,2024,2024
ALL,The Allstate Corporation,advertising,0.16510726638573459,2024,2024
ALL,The Allstate Corporation,auto,0.37113960514176875,2024,2024
ALL,The Allstate Corporation,new business,0.14937608129100044,2024,2024
ALL,The Allstate Corporation,property,0.09112900112927581,2024,2024
ALL,The Allstate Corporation,retention,0.24309688835179508,2024,2024
ALLE,Allegion plc,capital deployment,0.12209143967448596,2024,2024
ALLE,Allegion plc,inflation,0.06902454946911668,2024,2024
ALLE,Allegion plc,margin expansion,0.09394335155820548,2024,2024
ALLE,Allegion plc,multifamily,0.09957358758311108,2024,2024
ALLE,Allegion plc,organic revenue,0.1083263382981004,2024,2024
ALLE,Allegion plc,productivity,0.0935287717807036,2024,2024
ALLE,Allegion plc,residential,0.2577061833980164,2024,2024
AMAT,"Applied Materials, Inc.",ai,0.0816742373373433,2024,2024
AMAT,"Applied Materials, Inc.",chips,0.0632581503504532,2024,2024
AMAT,"Applied Materials, Inc.",dram,0.6461758563054739,2024,2024
AMAT,"Applied Materials, Inc.",energy,0.06323110343312355,2024,2024
AMAT,"Applied Materials, Inc.",equipment,0.06331001374397545,2024,2024
AMAT,"Applied Materials, Inc.",foundry,0.12489084858691003,2024,2024
AMAT,"Applied Materials, Inc.",hbm,0.2282937544383209,2024,2024
AMAT,"Applied Materials, Inc.",memory,0.13757514804533058,2024,2024
AMAT,"Applied Materials, Inc.",semiconductor,0.10863952373417525,2024,2024
AMCR,Amcor plc,beverage,0.2001091462518574,2024,2024
AMCR,Amcor plc,categories,0.1013232159251285,2024,2024
AMCR,Amcor plc,consumer,0.07051711884166624,2024,2024
AMCR,Amcor plc,consumer demand,0.06705061220886968,2024,2024
AMCR,Amcor plc,earnings growth,0.09554003841938218,2024,2024
AMCR,Amcor plc,ebit,0.11307117718683372,2024,2024
AMCR,Amcor plc,healthcare,0.22418492504872248,2024,2024
AMCR,Amcor plc,price mix,0.06743915579124896,2024,2024
AMCR,Amcor plc,volumes,0.3206181072881354,2024,2024
AMD,"Advanced Micro Devices, Inc.",ai,0.2799303905880736,2024,2024
AMD,"Advanced Micro Devices, Inc.",client,0.19363879709599438,2024,2024
AMD,"Advanced Micro Devices, Inc.",cloud,0.16324408504487006,2024,2024
AMD,"Advanced Micro Devices, Inc.",compute,0.10960871563535668,2024,2024
AMD,"Advanced Micro Devices, Inc.",data center,0.42973410382273924,2024,2024
AMD,"Advanced Micro Devices, Inc.",gpu,0.2699214621374008,2024,2024
AMD,"Advanced Micro Devices, Inc.",gpus,0.1334908146640734,2024,2024
AMD,"Advanced Micro Devices, Inc.",gross,0.08372789685155332,2024,2024
AMD,"Advanced Micro Devices, Inc.",gross margin,0.11001258114826644,2024,2024
AMD,"Advanced Micro Devices, Inc.",memory,0.0639927120820797,2024,2024
AMD,"Advanced Micro Devices, Inc.",networking,0.07643449093760568,2024,2024
AMD,"Advanced Micro Devices, Inc.",server,0.21509366514074127,2024,2024
AMD,"Advanced Micro Devices, Inc.",software,0.08618759375398374,2024,2024
AMD,"Advanced Micro Devices, Inc.",workloads,0.14407031602058248,2024,2024
AME,"AMETEK, Inc.",aerospace,0.17989360012927963,2024,2024
AME,"AMETEK, Inc.",automation,0.12090829673652359,2024,2024
AME,"AMETEK, Inc.",cash flow,0.11537258796034582,2024,2024
AME,"AMETEK, Inc.",free cash,0.0885576964432593,2024,2024
AME,"AMETEK, Inc.",inventory,0.07587385098515767,2024,2024
AME,"AMETEK, Inc.",medical,0.08246594233244339,2024,2024
AME,"AMETEK, Inc.",orders,0.29548493977430207,2024,2024
AME,"AMETEK, Inc.",organic sales,0.19032199502856081,2024,2024
AMGN,Amgen Inc.,clinical,0.09326683046751387,2024,2024
AMGN,Amgen Inc.,disease,0.26800789855858614,2024,2024
AMGN,Amgen Inc.,medicines,0.11452473506103758,2024,2024
AMGN,Amgen Inc.,oncology,0.07421071122400655,2024,2024
AMGN,Amgen Inc.,patient,0.04711247914612615,2024,2024
AMGN,Amgen Inc.,patients,0.47467789793467535,2024,2024
AMGN,Amgen Inc.,therapy,0.09177827327141372,2024,2024
AMGN,Amgen Inc.,trial,0.0857893813049504,2024,2024
AMGN,Amgen Inc.,volume growth,0.05275612054615989,2024,2024
AMP,"Ameriprise Financial, Inc.",bank,0.1301990102500666,2024,2024
AMP,"Ameriprise Financial, Inc.",client,0.3060080865894903,2024,2024
AMP,"Ameriprise Financial, Inc.",clients,0.23494798496772124,2024,2024
AMP,"Ameriprise Financial, Inc.",equity,0.10800472795951145,2024,2024
AMP,"Ameriprise Financial, Inc.",expenses,0.1387029917498882,2024,2024
AMP,"Ameriprise Financial, Inc.",fixed income,0.1005091380913932,2024,2024
AMP,"Ameriprise Financial, Inc.",funds,0.0894747842979697,2024,2024
AMP,"Ameriprise Financial, Inc.",operating earnings,0.11569758817234932,2024,2024
AMP,"Ameriprise Financial, Inc.",transactional,0.11542268539211788,2024,2024
AMT,American Tower Corporation,adjusted ebitda,0.08818373300778097,2024,2024
AMT,American Tower Corporation,affo,0.3885158397426628,2024,2024
AMT,American Tower Corporation,capex,0.10319672079657785,2024,2024
AMT,American Tower Corporation,churn,0.1757308128279251,2024,2024
AMT,American Tower Corporation,data center,0.1038541295105021,2024,2024
AMT,American Tower Corporation,leasing,0.1331875569577684,2024,2024
AMT,American Tower Corporation,new business,0.0882334394905696,2024,2024
AMT,American Tower Corporation,property,0.07476119947164335,2024,2024
AMT,American Tower Corporation,tenant,0.15197826207252677,2024,2024
AMZN,"Amazon.com, Inc.",advertising,0.06599585355137112,2024,2024
AMZN,"Amazon.com, Inc.",ai,0.31028443096120595,2024,2024
AMZN,"Amazon.com, Inc.",chips,0.08188709211690588,2024,2024
AMZN,"Amazon.com, Inc.",cloud,0.10756504165727622,2024,2024
AMZN,"Amazon.com, Inc.",generative ai,0.21629265474586318,2024,2024
AMZN,"Amazon.com, Inc.",models,0.0884059119011126,2024,2024
AMZN,"Amazon.com, Inc.",network,0.10687301752424545,2024,2024
AMZN,"Amazon.com, Inc.",operating income,0.08978939119299066,2024,2024
AMZN,"Amazon.com, Inc.",robotics,0.1754410695910447,2024,2024
AMZN,"Amazon.com, Inc.",servers,0.0598097853329549,2024,2024
AMZN,"Amazon.com, Inc.",stores,0.05986168283919262,2024,2024
ANET,Arista Networks Inc,ai,0.45947119689915106,2024,2024
ANET,Arista Networks Inc,cloud,0.27269987446984784,2024,2024
ANET,Arista Networks Inc,data center,0.1555743951389718,2024,2024
ANET,Arista Networks Inc,gpu,0.09379703568732933,2024,2024
ANET,Arista Networks Inc,gpus,0.27603777483835695,2024,2024
ANET,Arista Networks Inc,gross,0.05993424776542522,2024,2024
ANET,Arista Networks Inc,gross margin,0.07054966162865177,2024,2024
ANET,Arista Networks Inc,network,0.155124430318039,2024,2024
ANET,Arista Networks Inc,networking,0.24442875576953924,2024,2024
ANET,Arista Networks Inc,software,0.11868720396798879,2024,2024
ANET,Arista Networks Inc,trials,0.12026506523196841,2024,2024
ANET,Arista Networks Inc,use cases,0.09094806347964858,2024,2024
AON,Aon plc,cash flow,0.11265380547128945,2024,2024
AON,Aon plc,client,0.30721080705912085,2024,2024
AON,Aon plc,clients,0.39717179676728503,2024,2024
AON,Aon plc,flow growth,0.09732314212209954,2024,2024
AON,Aon plc,free cash,0.1354709407639846,2024,2024
AON,Aon plc,health,0.11336418948088935,2024,2024
AON,Aon plc,margin expansion,0.12001760635733143,2024,2024
AON,Aon plc,new business,0.09121710164907378,2024,2024
AON,Aon plc,organic revenue,0.2568761514227714,2024,2024
AON,Aon plc,retention,0.0962163529635505,2024,2024
AON,Aon plc,revenue growth,0.14785786729915257,2024,2024
AOS,A. O. Smith Corporation,gas,0.08858417764383784,2024,2024
AOS,A. O. Smith Corporation,residential,0.14092637072878147,2024,2024
AOS,A. O. Smith Corporation,volumes,0.09874017603105269,2024,2024
APA,APA Corporation,barrels,0.09921877216008132,2024,2024
APA,APA Corporation,cash flow,0.09545120254743689,2024,2024
APA,APA Corporation,free cash,0.10043607610991116,2024,2024
APA,APA Corporation,gas,0.3980402779254291,2024,2024
APA,APA Corporation,gulf coast,0.06484026799217776,2024,2024
APA,APA Corporation,inventory,0.051630556202508796,2024,2024
APA,APA Corporation,oil,0.2975659094776972,2024,2024
APA,APA Corporation,production,0.16098529365043912,2024,2024
APA,APA Corporation,rig,0.22593815638303638,2024,2024
APA,APA Corporation,rigs,0.32297090096603676,2024,2024
APA,APA Corporation,volumes,0.07316593023209883,2024,2024
APD,"Air Products and Chemicals, Inc.",ebitda,0.10559521027158954,2024,2024
APD,"Air Products and Chemicals, Inc.",ebitda margin,0.06423847069601152,2024,2024
APD,"Air Products and Chemicals, Inc.",energy,0.06335211939242369,2024,2024
APD,"Air Products and Chemicals, Inc.",gas,0.06991631531508966,2024,2024
APD,"Air Products and Chemicals, Inc.",industrial,0.07818239621518666,2024,2024
APD,"Air Products and Chemicals, Inc.",lng,0.05825385655561033,2024,2024
APH,Amphenol Corporation,ai,0.22351313964634728,2024,2024
APH,Amphenol Corporation,automotive,0.14071320687336406,2024,2024
APH,Amphenol Corporation,diluted eps,0.12330194598088003,2024,2024
APH,Amphenol Corporation,industrial,0.20447439143813773,2024,2024
APH,Amphenol Corporation,operating margin,0.11531550584187811,2024,2024
APH,Amphenol Corporation,sales increased,0.09992248118408589,2024,2024
APO,"Apollo Global Management, Inc.",clients,0.08433748549189433,2024,2024
APO,"Apollo Global Management, Inc.",credit,0.16194224185206083,2024,2024
APO,"Apollo Global Management, Inc.",equity,0.16234783865184904,2024,2024
APO,"Apollo Global Management, Inc.",fixed income,0.13924238448042256,2024,2024
APO,"Apollo Global Management, Inc.",fund,0.0867539288578931,2024,2024
APO,"Apollo Global Management, Inc.",funds,0.0928631461394574,2024,2024
APO,"Apollo Global Management, Inc.",private equity,0.09316871476355569,2024,2024
APTV,Aptiv PLC,automotive,0.11668320452560878,2024,2024
APTV,Aptiv PLC,bookings,0.1444878598064774,2024,2024
APTV,Aptiv PLC,engineering,0.1206565824314873,2024,2024
APTV,Aptiv PLC,ev,0.13073061968484445,2024,2024
APTV,Aptiv PLC,operating income,0.06782228268849692,2024,2024
APTV,Aptiv PLC,production,0.1871371090287775,2024,2024
APTV,Aptiv PLC,revenues,0.08748938245641034,2024,2024
APTV,Aptiv PLC,software,0.12501141039302857,2024,2024
APTV,Aptiv PLC,vehicle,0.3474740651681745,2024,2024
ARE,"Alexandria Real Estate Equities, Inc.",biotech,0.13684673048524246,2024,2024
ARE,"Alexandria Real Estate Equities, Inc.",ffo,0.10181120215318412,2024,2024
ARE,"Alexandria Real Estate Equities, Inc.",lease,0.19628914386512608,2024,2024
ARE,"Alexandria Real Estate Equities, Inc.",leases,0.09012512236274643,2024,2024
ARE,"Alexandria Real Estate Equities, Inc.",leasing,0.3195968315996798,2024,2024
ARE,"Alexandria Real Estate Equities, Inc.",life science,0.2692999833642183,2024,2024
ARE,"Alexandria Real Estate Equities, Inc.",medicines,0.08210803829114546,2024,2024
ARE,"Alexandria Real Estate Equities, Inc.",noi,0.09921387960180078,2024,2024
ARE,"Alexandria Real Estate Equities, Inc.",tenant,0.2317962793095311,2024,2024
ARE,"Alexandria Real Estate Equities, Inc.",tenants,0.25946892978977115,2024,2024
ATO,Atmos Energy Corporation,debt,0.1071172140016192,2024,2024
ATO,Atmos Energy Corporation,energy,0.13907309736016324,2024,2024
ATO,Atmos Energy Corporation,equity,0.09425640626181017,2024,2024
ATO,Atmos Energy Corporation,gas,0.19254150054453498,2024,2024
ATO,Atmos Energy Corporation,industrial,0.09005231190192452,2024,2024
ATO,Atmos Energy Corporation,natural gas,0.17156495635704117,2024,2024
ATO,Atmos Energy Corporation,property,0.100682295904659,2024,2024
ATO,Atmos Energy Corporation,residential,0.08383207283279516,2024,2024
AVB,"AvalonBay Communities, Inc.",ffo,0.07887782274576044,2024,2024
AVB,"AvalonBay Communities, Inc.",lease,0.157821222512853,2024,2024
AVB,"AvalonBay Communities, Inc.",noi,0.15207452962938542,2024,2024
AVB,"AvalonBay Communities, Inc.",occupancy,0.11649971855820518,2024,2024
AVB,"AvalonBay Communities, Inc.",rent,0.30341289377982755,2024,2024
AVB,"AvalonBay Communities, Inc.",rents,0.13820002317951435,2024,2024
AVB,"AvalonBay Communities, Inc.",store,0.0986504229931037,2024,2024
AVB,"AvalonBay Communities, Inc.",supply,0.12364115910787175,2024,2024
AVGO,Broadcom Inc.,ai,0.4361925363569257,2024,2024
AVGO,Broadcom Inc.,cloud,0.10304630521120936,2024,2024
AVGO,Broadcom Inc.,compute,0.11605977092867278,2024,2024
AVGO,Broadcom Inc.,gpu,0.14338236000830043,2024,2024
AVGO,Broadcom Inc.,gpus,0.10096247026908542,2024,2024
AVGO,Broadcom Inc.,gross,0.06667101950691312,2024,2024
AVGO,Broadcom Inc.,infrastructure,0.07776714417914908,2024,2024
AVGO,Broadcom Inc.,memory,0.07501891853974955,2024,2024
AVGO,Broadcom Inc.,networking,0.34348378964409115,2024,2024
AVGO,Broadcom Inc.,semiconductor,0.2523340456517127,2024,2024
AVGO,Broadcom Inc.,server,0.08405172828072784,2024,2024
AVGO,Broadcom Inc.,software,0.22866510409644306,2024,2024
AVY,Avery Dennison Corporation,apparel,0.6015531355320156,2024,2024
AVY,Avery Dennison Corporation,categories,0.12111456502318362,2024,2024
AVY,Avery Dennison Corporation,food,0.12027949162687422,2024,2024
AVY,Avery Dennison Corporation,logistics,0.19583804259923537,2024,2024
AVY,Avery Dennison Corporation,productivity,0.08654531210838667,2024,2024
AVY,Avery Dennison Corporation,retail,0.08521119908093076,2024,2024
AVY,Avery Dennison Corporation,volumes,0.06997809310180762,2024,2024
AWK,"American Water Works Company, Inc.",capital investment,0.08021820659026206,2024,2024
AWK,"American Water Works Company, Inc.",capital plan,0.07085085178716384,2024,2024
AWK,"American Water Works Company, Inc.",eps,0.0689714850557758,2024,2024
AWK,"American Water Works Company, Inc.",equity,0.09232003358172441,2024,2024
AWK,"American Water Works Company, Inc.",regulatory,0.09365842581830892,2024,2024
AWK,"American Water Works Company, Inc.",roe,0.07895730197373692,2024,2024
AWK,"American Water Works Company, Inc.",utility,0.10535738691686616,2024,2024
AXON,"Axon Enterprise, Inc.",adjusted ebitda,0.10660428676364712,2024,2024
AXON,"Axon Enterprise, Inc.",ai,0.22254691235224106,2024,2024
AXON,"Axon Enterprise, Inc.",bookings,0.3392240982936827,2024,2024
AXON,"Axon Enterprise, Inc.",cloud,0.09890952940653522,2024,2024
AXON,"Axon Enterprise, Inc.",ebitda,0.08211445007932318,2024,2024
AXON,"Axon Enterprise, Inc.",robotics,0.07117223338906825,2024,2024
AXON,"Axon Enterprise, Inc.",software,0.18981657456383394,2024,2024
AXP,American Express Company,adjusted basis,0.07658572902900518,2024,2024
AXP,American Express Company,consumer,0.13672017980278,2024,2024
AXP,American Express Company,credit,0.10319658929754172,2024,2024
AXP,American Express Company,eps,0.0808819917530374,2024,2024
AXP,American Express Company,marketing,0.12873901827881074,2024,2024
AXP,American Express Company,restaurant,0.09139138360057994,2024,2024
AXP,American Express Company,revenue growth,0.07942026646457982,2024,2024
AZO,"AutoZone, Inc.",customer service,0.08716388889711799,2024,2024
AZO,"AutoZone, Inc.",ebit,0.06699787628888938,2024,2024
AZO,"AutoZone, Inc.",gross,0.1073284283196778,2024,2024
AZO,"AutoZone, Inc.",gross margin,0.10759535864194203,2024,2024
AZO,"AutoZone, Inc.",growth initiatives,0.06595188736926465,2024,2024
AZO,"AutoZone, Inc.",inflation,0.10710369733744873,2024,2024
AZO,"AutoZone, Inc.",inventory,0.06542666124746616,2024,2024
AZO,"AutoZone, Inc.",retail,0.0784169101444194,2024,2024
AZO,"AutoZone, Inc.",sales growth,0.08113044424552564,2024,2024
AZO,"AutoZone, Inc.",store,0.24718212437035358,2024,2024
AZO,"AutoZone, Inc.",store sales,0.1278139575907054,2024,2024
AZO,"AutoZone, Inc.",stores,0.24944504993562977,2024,2024
BA,The Boeing Company,aircraft,0.10896263285640753,2024,2024
BA,The Boeing Company,cash flow,0.08717437995289906,2024,2024
BA,The Boeing Company,factories,0.0735101355989193,2024,2024
BA,The Boeing Company,factory,0.1601925735363346,2024,2024
BA,The Boeing Company,inventory,0.12492625144319294,2024,2024
BA,The Boeing Company,production,0.2536428853549513,2024,2024
BA,The Boeing Company,supply,0.11860747769648346,2024,2024
BA,The Boeing Company,supply chain,0.13447109101256718,2024,2024
BAC,Bank of America Corporation,banking,0.2566376710787207,2024,2024
BAC,Bank of America Corporation,charge,0.06709334118934417,2024,2024
BAC,Bank of America Corporation,charge offs,0.09170121725792547,2024,2024
BAC,Bank of America Corporation,client,0.07425169377660669,2024,2024
BAC,Bank of America Corporation,clients,0.14759146690590244,2024,2024
BAC,Bank of America Corporation,consumer,0.14355758577270922,2024,2024
BAC,Bank of America Corporation,deposit,0.26441651262131727,2024,2024
BAC,Bank of America Corporation,deposits,0.2547133906399609,2024,2024
BAC,Bank of America Corporation,loan,0.14002267373124078,2024,2024
BAC,Bank of America Corporation,loan growth,0.15589842423738548,2024,2024
BAC,Bank of America Corporation,loans,0.20531335964518846,2024,2024
BAC,Bank of America Corporation,net charge,0.08817424736338987,2024,2024
BAC,Bank of America Corporation,securities,0.06893689033605942,2024,2024
BALL,Ball Corporation,aerospace,0.17441413952019577,2024,2024
BALL,Ball Corporation,beverage,0.09894481545040315,2024,2024
BALL,Ball Corporation,category,0.0588493023671066,2024,2024
BALL,Ball Corporation,consumer,0.11469568510240685,2024,2024
BALL,Ball Corporation,eps,0.0699046956488906,2024,2024
BALL,Ball Corporation,net earnings,0.08544702596210925,2024,2024
BALL,Ball Corporation,operating earnings,0.14257858307036186,2024,2024
BALL,Ball Corporation,volume growth,0.08257958936718739,2024,2024
BALL,Ball Corporation,volumes,0.08485155145369469,2024,2024
BAX,Baxter International Inc.,adjusted earnings,0.09452170642729027,2024,2024
BAX,Baxter International Inc.,orders,0.10597595530566206,2024,2024
BAX,Baxter International Inc.,product launches,0.08644739711290987,2024,2024
BAX,Baxter International Inc.,therapies,0.13072665525915156,2024,2024
BBY,"Best Buy Co., Inc.",categories,0.08908098186464228,2024,2024
BBY,"Best Buy Co., Inc.",category,0.09325520620915027,2024,2024
BBY,"Best Buy Co., Inc.",consumer,0.14280502752464558,2024,2024
BBY,"Best Buy Co., Inc.",credit,0.0866542566120533,2024,2024
BBY,"Best Buy Co., Inc.",credit card,0.10865602722579201,2024,2024
BBY,"Best Buy Co., Inc.",gross,0.11549173373400838,2024,2024
BBY,"Best Buy Co., Inc.",gross profit,0.21329264656269692,2024,2024
BBY,"Best Buy Co., Inc.",profit,0.16924247998859687,2024,2024
BBY,"Best Buy Co., Inc.",store,0.21146935303460027,2024,2024
BBY,"Best Buy Co., Inc.",stores,0.2125813732369468,2024,2024
BDX,"Becton, Dickinson and Company",cash flow,0.053390651567855385,2024,2024
BDX,"Becton, Dickinson and Company",eps,0.04736597183793181,2024,2024
BDX,"Becton, Dickinson and Company",gross margin,0.04812799986372691,2024,2024
BDX,"Becton, Dickinson and Company",market dynamics,0.06708603799603391,2024,2024
BDX,"Becton, Dickinson and Company",medical,0.05033171032668222,2024,2024
BDX,"Becton, Dickinson and Company",patient,0.041686781591686095,2024,2024
BDX,"Becton, Dickinson and Company",pharma,0.0583002763470858,2024,2024
BEN,"Franklin Resources, Inc.",aum,0.3499737663178811,2024,2024
BEN,"Franklin Resources, Inc.",clients,0.14425825522232813,2024,2024
BEN,"Franklin Resources, Inc.",etf,0.21452705291216076,2024,2024
BEN,"Franklin Resources, Inc.",etfs,0.2620389055815373,2024,2024
BEN,"Franklin Resources, Inc.",fixed income,0.3008493789493985,2024,2024
BEN,"Franklin Resources, Inc.",fund,0.13506847198498872,2024,2024
BEN,"Franklin Resources, Inc.",funds,0.09673793171436017,2024,2024
BEN,"Franklin Resources, Inc.",real estate,0.08326917983144135,2024,2024
BF.B,Brown-Forman Corporation,category,0.04916206070748935,2024,2024
BF.B,Brown-Forman Corporation,consumer,0.14052942250334724,2024,2024
BF.B,Brown-Forman Corporation,consumer demand,0.07074064859783807,2024,2024
BF.B,Brown-Forman Corporation,gross,0.0528379164090683,2024,2024
BF.B,Brown-Forman Corporation,gross margin,0.05581250769031347,2024,2024
BF.B,Brown-Forman Corporation,inventories,0.10140501904505306,2024,2024
BF.B,Brown-Forman Corporation,inventory,0.09388734378902996,2024,2024
BF.B,Brown-Forman Corporation,net sales,0.17641296893430503,2024,2024
BF.B,Brown-Forman Corporation,organic net,0.22258892123404084,2024,2024
BF.B,Brown-Forman Corporation,sales growth,0.06251083333323777,2024,2024
BF.B,Brown-Forman Corporation,supply,0.06797345196770922,2024,2024
BF.B,Brown-Forman Corporation,supply chain,0.04843227706929593,2024,2024
BG,Bunge Global SA,capex,0.10215249738597534,2024,2024
BG,Bunge Global SA,food,0.11834833750643727,2024,2024
BG,Bunge Global SA,merchandising,0.1640575264450998,2024,2024
BG,Bunge Global SA,oil,0.2949345843759876,2024,2024
BG,Bunge Global SA,supply,0.09480046989103515,2024,2024
BG,Bunge Global SA,transaction,0.11866066061732844,2024,2024
BIIB,Biogen Inc.,clinical,0.08896099150715997,2024,2024
BIIB,Biogen Inc.,disease,0.29513881444883955,2024,2024
BIIB,Biogen Inc.,patient,0.13919496354933694,2024,2024
BIIB,Biogen Inc.,patients,0.6954739031738191,2024,2024
BIIB,Biogen Inc.,therapies,0.043691750230113985,2024,2024
BIIB,Biogen Inc.,therapy,0.10621064786789094,2024,2024
BIIB,Biogen Inc.,trial,0.05391930323309415,2024,2024
BK,The Bank of New York Mellon Corporation,client,0.2518925915871546,2024,2024
BK,The Bank of New York Mellon Corporation,clients,0.4362910234234173,2024,2024
BK,The Bank of New York Mellon Corporation,deposit,0.15632685726357787,2024,2024
BK,The Bank of New York Mellon Corporation,deposits,0.14632249219582924,2024,2024
BK,The Bank of New York Mellon Corporation,expenses,0.09527868529106143,2024,2024
BK,The Bank of New York Mellon Corporation,platform,0.12834592389767815,2024,2024
BKNG,Booking Holdings Inc.,adjusted ebitda,0.11127622270620673,2024,2024
BKNG,Booking Holdings Inc.,ai,0.13532675713392567,2024,2024
BKNG,Booking Holdings Inc.,bookings,0.24553640473249588,2024,2024
BKNG,Booking Holdings Inc.,ebitda,0.08815210939169034,2024,2024
BKNG,Booking Holdings Inc.,gross,0.07286350054783877,2024,2024
BKNG,Booking Holdings Inc.,hotel,0.06798377687662865,2024,2024
BKNG,Booking Holdings Inc.,loyalty,0.068349168246862,2024,2024
BKNG,Booking Holdings Inc.,marketing,0.09220523244347618,2024,2024
BKNG,Booking Holdings Inc.,travel,0.24539129897469167,2024,2024
BKNG,Booking Holdings Inc.,travelers,0.36797479983806464,2024,2024
BKR,Baker Hughes Company,backlog,0.1209839468355082,2024,2024
BKR,Baker Hughes Company,ebitda,0.22639283306594704,2024,2024
BKR,Baker Hughes Company,ebitda margins,0.0706886673240042,2024,2024
BKR,Baker Hughes Company,energy,0.1531426485786032,2024,2024
BKR,Baker Hughes Company,equipment,0.21292742940187112,2024,2024
BKR,Baker Hughes Company,free cash,0.064277864735031,2024,2024
BKR,Baker Hughes Company,gas,0.4760482948091327,2024,2024
BKR,Baker Hughes Company,grid,0.060891864255893734,2024,2024
BKR,Baker Hughes Company,industrial,0.12548265546600845,2024,2024
BKR,Baker Hughes Company,infrastructure,0.07022918158243013,2024,2024
BKR,Baker Hughes Company,installed base,0.10789735907509994,2024,2024
BKR,Baker Hughes Company,lng,0.4350489979679436,2024,2024
BKR,Baker Hughes Company,natural gas,0.07163102725511479,2024,2024
BKR,Baker Hughes Company,offshore,0.10573545347294547,2024,2024
BKR,Baker Hughes Company,oil,0.09425746698537957,2024,2024
BKR,Baker Hughes Company,orders,0.24059352284042357,2024,2024
BKR,Baker Hughes Company,production,0.08945121023240768,2024,2024
BKR,Baker Hughes Company,upstream,0.06653609396877579,2024,2024
BLDR,"Builders FirstSource, Inc.",adjusted ebitda,0.10578577955153591,2024,2024
BLDR,"Builders FirstSource, Inc.",base business,0.07336160672365845,2024,2024
BLDR,"Builders FirstSource, Inc.",digital,0.09530098103900093,2024,2024
BLDR,"Builders FirstSource, Inc.",ebitda,0.12494209610097866,2024,2024
BLDR,"Builders FirstSource, Inc.",ebitda margin,0.07125757490359268,2024,2024
BLDR,"Builders FirstSource, Inc.",gross,0.10847233822804045,2024,2024
BLDR,"Builders FirstSource, Inc.",gross margin,0.07540362227817547,2024,2024
BLDR,"Builders FirstSource, Inc.",multifamily,0.3252104109568695,2024,2024
BLDR,"Builders FirstSource, Inc.",net sales,0.0967089685061444,2024,2024
BLDR,"Builders FirstSource, Inc.",single family,0.2689768279587752,2024,2024
BLK,"BlackRock, Inc.",aum,0.1231160787423057,2024,2024
BLK,"BlackRock, Inc.",client,0.09577859769601435,2024,2024
BLK,"BlackRock, Inc.",clients,0.29862137944322636,2024,2024
BLK,"BlackRock, Inc.",equity,0.04981759625790958,2024,2024
BLK,"BlackRock, Inc.",etf,0.10887149515299818,2024,2024
BLK,"BlackRock, Inc.",etfs,0.14960648521062406,2024,2024
BLK,"BlackRock, Inc.",fixed income,0.15047756882694122,2024,2024
BLK,"BlackRock, Inc.",funds,0.04545745975374255,2024,2024
BLK,"BlackRock, Inc.",infrastructure,0.04980853150926325,2024,2024
BLK,"BlackRock, Inc.",organic growth,0.06948584903825011,2024,2024
BLK,"BlackRock, Inc.",platform,0.05784557849827598,2024,2024
BMY,Bristol-Myers Squibb Company,clinical,0.07911299242187664,2024,2024
BMY,Bristol-Myers Squibb Company,patient,0.08020517877437422,2024,2024
BMY,Bristol-Myers Squibb Company,patients,0.5774977081603295,2024,2024
BMY,Bristol-Myers Squibb Company,therapies,0.0782988430466756,2024,2024
BMY,Bristol-Myers Squibb Company,therapy,0.09534138221135914,2024,2024
BMY,Bristol-Myers Squibb Company,trial,0.14917910268872175,2024,2024
BMY,Bristol-Myers Squibb Company,trials,0.09931489248617133,2024,2024
BR,"Broadridge Financial Solutions, Inc.",adjusted eps,0.102491918987874,2024,2024
BR,"Broadridge Financial Solutions, Inc.",capital markets,0.09254295923978398,2024,2024
BR,"Broadridge Financial Solutions, Inc.",client,0.10603644115470492,2024,2024
BR,"Broadridge Financial Solutions, Inc.",clients,0.28678738917011776,2024,2024
BR,"Broadridge Financial Solutions, Inc.",digital,0.11903099043021592,2024,2024
BR,"Broadridge Financial Solutions, Inc.",flow conversion,0.08358679640543659,2024,2024
BR,"Broadridge Financial Solutions, Inc.",free cash,0.07521213380712398,2024,2024
BR,"Broadridge Financial Solutions, Inc.",fund,0.12991021252186272,2024,2024
BR,"Broadridge Financial Solutions, Inc.",funds,0.07449562397703507,2024,2024
BR,"Broadridge Financial Solutions, Inc.",recurring,0.2721847748461839,2024,2024
BR,"Broadridge Financial Solutions, Inc.",recurring revenue,0.341137318625764,2024,2024
BR,"Broadridge Financial Solutions, Inc.",revenue growth,0.11543092559057996,2024,2024
BR,"Broadridge Financial Solutions, Inc.",trading,0.0753867472091565,2024,2024
BRO,"Brown & Brown, Inc.",new business,0.1511287189820834,2024,2024
BRO,"Brown & Brown, Inc.",organic growth,0.15776208079210216,2024,2024
BRO,"Brown & Brown, Inc.",property,0.26444451460309804,2024,2024
BRO,"Brown & Brown, Inc.",retail,0.11176264356587257,2024,2024
BRO,"Brown & Brown, Inc.",revenues,0.0980882964429798,2024,2024
BRO,"Brown & Brown, Inc.",total revenues,0.158160581305292,2024,2024
BSX,Boston Scientific Corporation,clinical,0.2947359380803011,2024,2024
BSX,Boston Scientific Corporation,gross,0.08306536294407489,2024,2024
BSX,Boston Scientific Corporation,gross margin,0.10422574916211677,2024,2024
BSX,Boston Scientific Corporation,operating margin,0.08000060014261322,2024,2024
BSX,Boston Scientific Corporation,organic revenue,0.07500619564851937,2024,2024
BSX,Boston Scientific Corporation,patient,0.08999718561009419,2024,2024
BSX,Boston Scientific Corporation,patients,0.25123337322597544,2024,2024
BSX,Boston Scientific Corporation,revenue growth,0.07306030833977793,2024,2024
BSX,Boston Scientific Corporation,trial,0.26398963909460627,2024,2024
BX,Blackstone Inc.,aum,0.1377295300477557,2024,2024
BX,Blackstone Inc.,clients,0.09860355849083166,2024,2024
BX,Blackstone Inc.,credit,0.21199729567959075,2024,2024
BX,Blackstone Inc.,data centers,0.08842065754183095,2024,2024
BX,Blackstone Inc.,equity,0.1489338537016541,2024,2024
BX,Blackstone Inc.,fund,0.0801201925117148,2024,2024
BX,Blackstone Inc.,funds,0.14402325094836377,2024,2024
BX,Blackstone Inc.,infrastructure,0.16038375664994958,2024,2024
BX,Blackstone Inc.,platform,0.08262022026218604,2024,2024
BX,Blackstone Inc.,private credit,0.15589393953795508,2024,2024
BX,Blackstone Inc.,private equity,0.20639108984601065,2024,2024
BX,Blackstone Inc.,real estate,0.34642525162748705,2024,2024
BX,Blackstone Inc.,vehicles,0.07542451803224136,2024,2024
BXP,"BXP, Inc.",clients,0.12598095396519518,2024,2024
BXP,"BXP, Inc.",lease,0.15042221102257525,2024,2024
BXP,"BXP, Inc.",leases,0.1285636015773585,2024,2024
BXP,"BXP, Inc.",leasing,0.30861280925947365,2024,2024
BXP,"BXP, Inc.",life science,0.0923842593032499,2024,2024
BXP,"BXP, Inc.",noi,0.06441997152881093,2024,2024
BXP,"BXP, Inc.",occupancy,0.1824438956743553,2024,2024
BXP,"BXP, Inc.",rents,0.10132376719117048,2024,2024
BXP,"BXP, Inc.",tenant,0.0927715696700008,2024,2024
BXP,"BXP, Inc.",tenants,0.11856450436962376,2024,2024
C,Citigroup Inc.,banking,0.29961318861377323,2024,2024
C,Citigroup Inc.,client,0.20504474988934535,2024,2024
C,Citigroup Inc.,clients,0.16504214032056244,2024,2024
C,Citigroup Inc.,credit,0.15417186526905824,2024,2024
C,Citigroup Inc.,deposit,0.1171456597122128,2024,2024
C,Citigroup Inc.,deposits,0.20045162563855326,2024,2024
C,Citigroup Inc.,expenses,0.12156755511674383,2024,2024
C,Citigroup Inc.,loans,0.14123814557522205,2024,2024
C,Citigroup Inc.,net income,0.09636175863416413,2024,2024
C,Citigroup Inc.,regulatory,0.09284810095958954,2024,2024
C,Citigroup Inc.,revenues,0.14673178827661976,2024,2024
CAG,"Conagra Brands, Inc.",adjusted gross,0.10915077615960424,2024,2024
CAG,"Conagra Brands, Inc.",consumer,0.23042962545247084,2024,2024
CAG,"Conagra Brands, Inc.",consumers,0.1002374030085893,2024,2024
CAG,"Conagra Brands, Inc.",grocery,0.11369264375137741,2024,2024
CAG,"Conagra Brands, Inc.",gross,0.10448381554952214,2024,2024
CAG,"Conagra Brands, Inc.",gross margin,0.07753701297601373,2024,2024
CAG,"Conagra Brands, Inc.",inflation,0.08159872757915795,2024,2024
CAG,"Conagra Brands, Inc.",merchandising,0.08980181456866813,2024,2024
CAG,"Conagra Brands, Inc.",net sales,0.21791459008719125,2024,2024
CAG,"Conagra Brands, Inc.",operating margin,0.10192514713384626,2024,2024
CAG,"Conagra Brands, Inc.",organic net,0.20285462519247588,2024,2024
CAG,"Conagra Brands, Inc.",price mix,0.15588400205329175,2024,2024
CAG,"Conagra Brands, Inc.",productivity,0.07862533370693288,2024,2024
CAG,"Conagra Brands, Inc.",snacks,0.1875784025769576,2024,2024
CAH,"Cardinal Health, Inc.",distribution,0.0894378686599967,2024,2024
CAH,"Cardinal Health, Inc.",health,0.13353591391868944,2024,2024
CAH,"Cardinal Health, Inc.",inflation,0.05758392931273933,2024,2024
CAH,"Cardinal Health, Inc.",medical,0.17479034647915034,2024,2024
CAH,"Cardinal Health, Inc.",patients,0.08278965759188331,2024,2024
CAH,"Cardinal Health, Inc.",pharma,0.2344312201892476,2024,2024
CAH,"Cardinal Health, Inc.",pharmaceutical,0.13493580103156674,2024,2024
CAH,"Cardinal Health, Inc.",profit,0.16135249601814391,2024,2024
CARR,Carrier Global Corporation,adjusted eps,0.09971494562104519,2024,2024
CARR,Carrier Global Corporation,data centers,0.07047393625459264,2024,2024
CARR,Carrier Global Corporation,hvac,0.5313056215358297,2024,2024
CARR,Carrier Global Corporation,orders,0.23136308383092863,2024,2024
CARR,Carrier Global Corporation,organic sales,0.0903799224097013,2024,2024
CARR,Carrier Global Corporation,productivity,0.06980003246900258,2024,2024
CARR,Carrier Global Corporation,residential,0.11727120413721333,2024,2024
CARR,Carrier Global Corporation,truck,0.07898155704585857,2024,2024
CAT,Caterpillar Inc.,construction,0.1731261783632392,2024,2024
CAT,Caterpillar Inc.,energy,0.10831693306714729,2024,2024
CAT,Caterpillar Inc.,gas,0.1996116090863488,2024,2024
CAT,Caterpillar Inc.,inventory,0.142792692127839,2024,2024
CAT,Caterpillar Inc.,oil,0.14700524654223462,2024,2024
CAT,Caterpillar Inc.,oil gas,0.18073382370909488,2024,2024
CAT,Caterpillar Inc.,operating profit,0.1755709189107842,2024,2024
CAT,Caterpillar Inc.,power,0.0932516119739767,2024,2024
CAT,Caterpillar Inc.,power generation,0.17030252806607457,2024,2024
CAT,Caterpillar Inc.,profit,0.20095976686231493,2024,2024
CAT,Caterpillar Inc.,profit margin,0.13746101186328732,2024,2024
CAT,Caterpillar Inc.,transportation,0.15970435982300832,2024,2024
CAT,Caterpillar Inc.,trucks,0.11423208785879112,2024,2024
CB,Chubb Limited,loss,0.2509128467098341,2024,2024
CB,Chubb Limited,property,0.1585745788079099,2024,2024
CBOE,"Cboe Global Markets, Inc.",equities,0.1108321341797894,2024,2024
CBOE,"Cboe Global Markets, Inc.",net revenue,0.2629047180458025,2024,2024
CBOE,"Cboe Global Markets, Inc.",organic net,0.11057466814429873,2024,2024
CBOE,"Cboe Global Markets, Inc.",platform,0.07192432141565366,2024,2024
CBOE,"Cboe Global Markets, Inc.",retail,0.11418616238720745,2024,2024
CBOE,"Cboe Global Markets, Inc.",revenue growth,0.07595124883265533,2024,2024
CBOE,"Cboe Global Markets, Inc.",revenues,0.06077269431953561,2024,2024
CBOE,"Cboe Global Markets, Inc.",trading,0.1753640615959011,2024,2024
CBOE,"Cboe Global Markets, Inc.",transaction,0.08997073546973086,2024,2024
CBOE,"Cboe Global Markets, Inc.",volatility,0.09857806990707707,2024,2024
CBOE,"Cboe Global Markets, Inc.",volumes,0.07591166743960429,2024,2024
CBRE,"CBRE Group, Inc.",capital markets,0.11784844858651662,2024,2024
CBRE,"CBRE Group, Inc.",clients,0.07811530874182918,2024,2024
CBRE,"CBRE Group, Inc.",data center,0.15018778628491863,2024,2024
CBRE,"CBRE Group, Inc.",data centers,0.08653019427061123,2024,2024
CBRE,"CBRE Group, Inc.",industrial,0.1433443179611714,2024,2024
CBRE,"CBRE Group, Inc.",leasing,0.5021567763623105,2024,2024
CBRE,"CBRE Group, Inc.",mortgage,0.07267785098017888,2024,2024
CBRE,"CBRE Group, Inc.",multifamily,0.07180320541706195,2024,2024
CBRE,"CBRE Group, Inc.",net revenue,0.17226022767300905,2024,2024
CBRE,"CBRE Group, Inc.",profits,0.06980095760059242,2024,2024
CBRE,"CBRE Group, Inc.",real estate,0.09620797078721013,2024,2024
CCI,Crown Castle Inc.,affo,0.14522673818369658,2024,2024
CCI,Crown Castle Inc.,backlog,0.048006480280109995,2024,2024
CCI,Crown Castle Inc.,capex,0.05049200506074001,2024,2024
CCI,Crown Castle Inc.,churn,0.07979336772882983,2024,2024
CCI,Crown Castle Inc.,leasing,0.05321881526425888,2024,2024
CCI,Crown Castle Inc.,organic growth,0.07228955376595601,2024,2024
CCI,Crown Castle Inc.,rent,0.049321124391244434,2024,2024
CCL,Carnival Corporation & plc,advertising,0.0716200777828088,2024,2024
CCL,Carnival Corporation & plc,bookings,0.07655611166270697,2024,2024
CCL,Carnival Corporation & plc,debt,0.0890164608638567,2024,2024
CCL,Carnival Corporation & plc,ebitda,0.10007060353754992,2024,2024
CCL,Carnival Corporation & plc,occupancy,0.29096674254618293,2024,2024
CDNS,"Cadence Design Systems, Inc.",ai,0.40373329939222224,2024,2024
CDNS,"Cadence Design Systems, Inc.",automotive,0.14714624522450484,2024,2024
CDNS,"Cadence Design Systems, Inc.",backlog,0.09466375637043407,2024,2024
CDNS,"Cadence Design Systems, Inc.",bookings,0.09562040525985162,2024,2024
CDNS,"Cadence Design Systems, Inc.",chip,0.11169797209935103,2024,2024
CDNS,"Cadence Design Systems, Inc.",chips,0.15918699394824218,2024,2024
CDNS,"Cadence Design Systems, Inc.",foundry,0.08014231613244562,2024,2024
CDNS,"Cadence Design Systems, Inc.",gaap eps,0.0971228734755687,2024,2024
CDNS,"Cadence Design Systems, Inc.",memory,0.07477989182115488,2024,2024
CDNS,"Cadence Design Systems, Inc.",recurring revenue,0.06599264973752614,2024,2024
CDNS,"Cadence Design Systems, Inc.",software,0.09651963399010537,2024,2024
CDW,CDW Corporation,ai,0.09432948379275828,2024,2024
CDW,CDW Corporation,client,0.20173555496222123,2024,2024
CDW,CDW Corporation,cloud,0.3338208553049845,2024,2024
CDW,CDW Corporation,gaap net,0.14111890119119797,2024,2024
CDW,CDW Corporation,gross,0.233552275571462,2024,2024
CDW,CDW Corporation,gross margin,0.08777214772343983,2024,2024
CDW,CDW Corporation,gross profit,0.29773601695560786,2024,2024
CDW,CDW Corporation,healthcare,0.08483302544631124,2024,2024
CDW,CDW Corporation,net sales,0.11420371105564484,2024,2024
CDW,CDW Corporation,profit,0.17400289906454344,2024,2024
CDW,CDW Corporation,saas,0.07657470214850357,2024,2024
CDW,CDW Corporation,servers,0.08523166991999812,2024,2024
CDW,CDW Corporation,software,0.07690675026428238,2024,2024
CEG,Constellation Energy Corporation,capacity,0.08695854104047793,2024,2024
CEG,Constellation Energy Corporation,clean energy,0.11597835787246337,2024,2024
CEG,Constellation Energy Corporation,data center,0.1582614429571858,2024,2024
CEG,Constellation Energy Corporation,data centers,0.06323444044474162,2024,2024
CEG,Constellation Energy Corporation,energy,0.18365822174598684,2024,2024
CEG,Constellation Energy Corporation,grid,0.2386140563064148,2024,2024
CEG,Constellation Energy Corporation,megawatt,0.08338860833994437,2024,2024
CEG,Constellation Energy Corporation,megawatts,0.10481828111231344,2024,2024
CEG,Constellation Energy Corporation,operating earnings,0.0827694366307307,2024,2024
CEG,Constellation Energy Corporation,power,0.14533390534391033,2024,2024
CEG,Constellation Energy Corporation,prices,0.07878398766088035,2024,2024
CEG,Constellation Energy Corporation,utilities,0.08944785272985936,2024,2024
CF,"CF Industries Holdings, Inc.",adjusted ebitda,0.045779897470489675,2024,2024
CF,"CF Industries Holdings, Inc.",ebitda,0.06957535851076617,2024,2024
CF,"CF Industries Holdings, Inc.",energy,0.0426363858412405,2024,2024
CF,"CF Industries Holdings, Inc.",gas,0.14478194500398825,2024,2024
CF,"CF Industries Holdings, Inc.",industrial,0.04497201538603843,2024,2024
CF,"CF Industries Holdings, Inc.",production,0.12436074352150828,2024,2024
CF,"CF Industries Holdings, Inc.",supply,0.06024723160050659,2024,2024
CFG,"Citizens Financial Group, Inc.",balance sheet,0.0832639639277807,2024,2024
CFG,"Citizens Financial Group, Inc.",bank,0.18527821643951153,2024,2024
CFG,"Citizens Financial Group, Inc.",banking,0.11923471894024443,2024,2024
CFG,"Citizens Financial Group, Inc.",capital markets,0.08103977144024399,2024,2024
CFG,"Citizens Financial Group, Inc.",cet1,0.12388120057817346,2024,2024
CFG,"Citizens Financial Group, Inc.",charge offs,0.13742744157448822,2024,2024
CFG,"Citizens Financial Group, Inc.",credit,0.07967654079236672,2024,2024
CFG,"Citizens Financial Group, Inc.",deposit,0.3905681680255158,2024,2024
CFG,"Citizens Financial Group, Inc.",deposits,0.2703981000528748,2024,2024
CFG,"Citizens Financial Group, Inc.",loan,0.23636650644984622,2024,2024
CFG,"Citizens Financial Group, Inc.",loan growth,0.167496522091934,2024,2024
CFG,"Citizens Financial Group, Inc.",loans,0.15196041044486916,2024,2024
CHD,"Church & Dwight Co., Inc.",categories,0.24855387193918033,2024,2024
CHD,"Church & Dwight Co., Inc.",category,0.362422540289823,2024,2024
CHD,"Church & Dwight Co., Inc.",consumer,0.12426556723866738,2024,2024
CHD,"Church & Dwight Co., Inc.",gross,0.11024177425975079,2024,2024
CHD,"Church & Dwight Co., Inc.",gross margin,0.12962335346274864,2024,2024
CHD,"Church & Dwight Co., Inc.",marketing,0.10333750240924836,2024,2024
CHD,"Church & Dwight Co., Inc.",new products,0.07800893041234624,2024,2024
CHD,"Church & Dwight Co., Inc.",organic sales,0.1488183275706751,2024,2024
CHD,"Church & Dwight Co., Inc.",sales growth,0.08686273081541973,2024,2024
CHRW,"C.H. Robinson Worldwide, Inc.",capacity,0.0699332296098021,2024,2024
CHRW,"C.H. Robinson Worldwide, Inc.",digital,0.07223915159862286,2024,2024
CHRW,"C.H. Robinson Worldwide, Inc.",freight,0.36194153459710454,2024,2024
CHRW,"C.H. Robinson Worldwide, Inc.",gross,0.08601809564176623,2024,2024
CHRW,"C.H. Robinson Worldwide, Inc.",gross profit,0.07989728080475932,2024,2024
CHRW,"C.H. Robinson Worldwide, Inc.",productivity,0.1258896625338516,2024,2024
CHRW,"C.H. Robinson Worldwide, Inc.",transactional,0.08630053574812639,2024,2024
CHTR,"Charter Communications, Inc.",adjusted ebitda,0.05341037176007876,2024,2024
CHTR,"Charter Communications, Inc.",advertising,0.06900968977669261,2024,2024
CHTR,"Charter Communications, Inc.",churn,0.09748491309128636,2024,2024
CHTR,"Charter Communications, Inc.",ebitda,0.09068071819241567,2024,2024
CHTR,"Charter Communications, Inc.",network,0.09172734947492506,2024,2024
CHTR,"Charter Communications, Inc.",residential,0.06514996914403234,2024,2024
CI,The Cigna Group,adjusted earnings,0.12166826371097995,2024,2024
CI,The Cigna Group,client,0.07281644231163728,2024,2024
CI,The Cigna Group,clients,0.19453114045082617,2024,2024
CI,The Cigna Group,clinical,0.08221584474147475,2024,2024
CI,The Cigna Group,health,0.11910954620982556,2024,2024
CI,The Cigna Group,healthcare,0.3234010619397749,2024,2024
CI,The Cigna Group,loss,0.163878132243563,2024,2024
CI,The Cigna Group,medical,0.11174518884577771,2024,2024
CI,The Cigna Group,medicare,0.24296883656511314,2024,2024
CI,The Cigna Group,patients,0.23700091005527277,2024,2024
CI,The Cigna Group,utilization,0.06600250817080533,2024,2024
CINF,Cincinnati Financial Corporation,auto,0.1349007347524839,2024,2024
CINF,Cincinnati Financial Corporation,loss,0.1573766677113264,2024,2024
CINF,Cincinnati Financial Corporation,loss ratio,0.10905061232812908,2024,2024
CINF,Cincinnati Financial Corporation,losses,0.1491834194264149,2024,2024
CINF,Cincinnati Financial Corporation,property,0.12541925589782812,2024,2024
CL,Colgate-Palmolive Company,advertising,0.1953480509388748,2024,2024
CL,Colgate-Palmolive Company,categories,0.13405461292756235,2024,2024
CL,Colgate-Palmolive Company,category,0.16506215583747644,2024,2024
CL,Colgate-Palmolive Company,gross,0.14534081652841188,2024,2024
CL,Colgate-Palmolive Company,gross margin,0.12989883990072384,2024,2024
CL,Colgate-Palmolive Company,health,0.11924659808386269,2024,2024
CL,Colgate-Palmolive Company,organic sales,0.10396023654361145,2024,2024
CL,Colgate-Palmolive Company,volume growth,0.11784252930928488,2024,2024
CLX,The Clorox Company,advertising,0.09452556670952329,2024,2024
CLX,The Clorox Company,categories,0.17538040404093513,2024,2024
CLX,The Clorox Company,category,0.07473285823246309,2024,2024
CLX,The Clorox Company,consumer,0.15475557112361665,2024,2024
CLX,The Clorox Company,consumers,0.14937135479709387,2024,2024
CLX,The Clorox Company,cyber,0.2593938400537752,2024,2024
CLX,The Clorox Company,distribution,0.16102685911022485,2024,2024
CLX,The Clorox Company,gross,0.1726230882977073,2024,2024
CLX,The Clorox Company,gross margin,0.16877951019742696,2024,2024
CLX,The Clorox Company,gross margins,0.07814448394107369,2024,2024
CLX,The Clorox Company,inflation,0.09144753689579133,2024,2024
CLX,The Clorox Company,merchandising,0.2577283572291674,2024,2024
CLX,The Clorox Company,organic sales,0.07890913400264765,2024,2024
CLX,The Clorox Company,price mix,0.08357688285961322,2024,2024
CLX,The Clorox Company,retailers,0.10677789094843534,2024,2024
CLX,The Clorox Company,supply,0.08137132765879604,2024,2024
CMCSA,Comcast Corporation,churn,0.07607373205594334,2024,2024
CMCSA,Comcast Corporation,ebitda,0.08544238072691104,2024,2024
CMCSA,Comcast Corporation,network,0.07019993454599081,2024,2024
CMCSA,Comcast Corporation,streaming,0.16881190636155377,2024,2024
CME,CME Group Inc.,client,0.1259941892324584,2024,2024
CME,CME Group Inc.,clients,0.23117629239296736,2024,2024
CME,CME Group Inc.,cloud,0.12799084155916093,2024,2024
CME,CME Group Inc.,efficiencies,0.08671516935935804,2024,2024
CME,CME Group Inc.,etfs,0.06965369132323013,2024,2024
CME,CME Group Inc.,retail,0.17518391262933605,2024,2024
CME,CME Group Inc.,risk management,0.0783138733053349,2024,2024
CME,CME Group Inc.,trading,0.13660116095101907,2024,2024
CMG,"Chipotle Mexican Grill, Inc.",digital,0.05643968520482756,2024,2024
CMG,"Chipotle Mexican Grill, Inc.",food,0.10816670558180087,2024,2024
CMG,"Chipotle Mexican Grill, Inc.",inflation,0.056412919904231064,2024,2024
CMG,"Chipotle Mexican Grill, Inc.",marketing,0.09442000915328168,2024,2024
CMG,"Chipotle Mexican Grill, Inc.",price increase,0.06361231991347394,2024,2024
CMG,"Chipotle Mexican Grill, Inc.",restaurant,0.4125060773813751,2024,2024
CMG,"Chipotle Mexican Grill, Inc.",restaurants,0.558443075406797,2024,2024
CMG,"Chipotle Mexican Grill, Inc.",throughput,0.23705930399143788,2024,2024
CMG,"Chipotle Mexican Grill, Inc.",transaction,0.05491466474134213,2024,2024
CMI,Cummins Inc.,capacity,0.08863466899573938,2024,2024
CMI,Cummins Inc.,data center,0.09128357792931036,2024,2024
CMI,Cummins Inc.,distribution,0.07309897397615611,2024,2024
CMI,Cummins Inc.,ebitda,0.18688362569238243,2024,2024
CMI,Cummins Inc.,gas,0.06999711651431588,2024,2024
CMI,Cummins Inc.,natural gas,0.0676547546926328,2024,2024
CMI,Cummins Inc.,power,0.2433936984967882,2024,2024
CMI,Cummins Inc.,power generation,0.25668865713422506,2024,2024
CMI,Cummins Inc.,revenues,0.12512241797640142,2024,2024
CMI,Cummins Inc.,truck,0.28158397342948943,2024,2024
CMI,Cummins Inc.,trucks,0.12122626165648714,2024,2024
CMS,CMS Energy Corporation,clean energy,0.09350358911377517,2024,2024
CMS,CMS Energy Corporation,data center,0.09968193909110769,2024,2024
CMS,CMS Energy Corporation,data centers,0.10833379086410083,2024,2024
CMS,CMS Energy Corporation,energy,0.2892702705061498,2024,2024
CMS,CMS Energy Corporation,equity,0.08613731766236721,2024,2024
CMS,CMS Energy Corporation,gas,0.17705602579108365,2024,2024
CMS,CMS Energy Corporation,utility,0.09215770625067048,2024,2024
CNC,Centene Corporation,diluted eps,0.04924412842933228,2024,2024
CNC,Centene Corporation,energy,0.06776946725968588,2024,2024
CNC,Centene Corporation,gas,0.09007132046647333,2024,2024
CNC,Centene Corporation,lng,0.19941029850088304,2024,2024
CNC,Centene Corporation,marketplace,0.07990816912040377,2024,2024
CNC,Centene Corporation,medicaid,0.5376580202400473,2024,2024
CNC,Centene Corporation,medicare,0.3552899155831514,2024,2024
CNC,Centene Corporation,oil,0.08143633952599752,2024,2024
CNC,Centene Corporation,production,0.05184457692659746,2024,2024
CNP,"CenterPoint Energy, Inc.",eps,0.07348967288461401,2024,2024
CNP,"CenterPoint Energy, Inc.",equity,0.10492558870292118,2024,2024
CNP,"CenterPoint Energy, Inc.",gaap eps,0.1617118708213047,2024,2024
CNP,"CenterPoint Energy, Inc.",gas,0.10883809247593032,2024,2024
CNP,"CenterPoint Energy, Inc.",gigawatts,0.10267781952198728,2024,2024
CNP,"CenterPoint Energy, Inc.",grid,0.07329313396704205,2024,2024
COF,Capital One Financial Corporation,auto,0.1707578961036788,2024,2024
COF,Capital One Financial Corporation,banking,0.14427784749245015,2024,2024
COF,Capital One Financial Corporation,charge,0.15657930742926082,2024,2024
COF,Capital One Financial Corporation,charge offs,0.16641091839440356,2024,2024
COF,Capital One Financial Corporation,consumer,0.15974115060128044,2024,2024
COF,Capital One Financial Corporation,credit,0.29951633250090304,2024,2024
COF,Capital One Financial Corporation,credit card,0.0838222145868349,2024,2024
COF,Capital One Financial Corporation,deposit,0.08496069091019952,2024,2024
COF,Capital One Financial Corporation,deposits,0.07753541997845458,2024,2024
COF,Capital One Financial Corporation,loans,0.11718360335768678,2024,2024
COF,Capital One Financial Corporation,marketing,0.1044385447104273,2024,2024
COO,"The Cooper Companies, Inc.",capacity,0.15482221081536887,2024,2024
COO,"The Cooper Companies, Inc.",capex,0.08394575974965106,2024,2024
COO,"The Cooper Companies, Inc.",gross,0.10921824596875251,2024,2024
COO,"The Cooper Companies, Inc.",gross margin,0.08030225679039102,2024,2024
COO,"The Cooper Companies, Inc.",inventory,0.07792171542856338,2024,2024
COO,"The Cooper Companies, Inc.",marketplace,0.07578991896486434,2024,2024
COO,"The Cooper Companies, Inc.",patients,0.11908944566037113,2024,2024
COO,"The Cooper Companies, Inc.",revenues,0.12117576869638978,2024,2024
COP,ConocoPhillips,barrels,0.27032178742125457,2024,2024
COP,ConocoPhillips,construction,0.06834331702879658,2024,2024
COP,ConocoPhillips,gas,0.13137271059661318,2024,2024
COP,ConocoPhillips,lng,0.30360458417284136,2024,2024
COP,ConocoPhillips,oil,0.2056738948893852,2024,2024
COP,ConocoPhillips,production,0.20833729248843316,2024,2024
COP,ConocoPhillips,rig,0.09746510111430833,2024,2024
COP,ConocoPhillips,supply,0.06892268426041098,2024,2024
COR,"Cencora, Inc.",distribution,0.09841744688008242,2024,2024
COR,"Cencora, Inc.",gross profit,0.09198184316023786,2024,2024
COR,"Cencora, Inc.",healthcare,0.2910140517336889,2024,2024
COR,"Cencora, Inc.",oncology,0.08344069370794889,2024,2024
COR,"Cencora, Inc.",operating income,0.19000079814875892,2024,2024
COR,"Cencora, Inc.",pharma,0.10186434924403173,2024,2024
COR,"Cencora, Inc.",pharmaceutical,0.17323060989059905,2024,2024
COST,Costco Wholesale Corporation,categories,0.0837717672490076,2024,2024
COST,Costco Wholesale Corporation,commerce,0.12439986371512825,2024,2024
COST,Costco Wholesale Corporation,food,0.14941131632088425,2024,2024
COST,Costco Wholesale Corporation,gas,0.27819621623022084,2024,2024
COST,Costco Wholesale Corporation,inflation,0.0922421352269593,2024,2024
COST,Costco Wholesale Corporation,prices,0.07386512697159538,2024,2024
CPAY,"Corpay, Inc.",clients,0.18039197833117188,2024,2024
CPAY,"Corpay, Inc.",eps,0.10952393908249636,2024,2024
CPAY,"Corpay, Inc.",ev,0.09948599711504306,2024,2024
CPAY,"Corpay, Inc.",organic revenue,0.15358165052573527,2024,2024
CPAY,"Corpay, Inc.",payment,0.07879324772517,2024,2024
CPAY,"Corpay, Inc.",payments,0.25631512012605684,2024,2024
CPAY,"Corpay, Inc.",retention,0.14581088692135524,2024,2024
CPAY,"Corpay, Inc.",revenue growth,0.11030214085982122,2024,2024
CPAY,"Corpay, Inc.",store,0.08150509142747553,2024,2024
CPAY,"Corpay, Inc.",store sales,0.1553343937924306,2024,2024
CPAY,"Corpay, Inc.",vehicle,0.2844931517087876,2024,2024
CPB,The Campbell's Company,adjusted eps,0.0698417043155125,2024,2024
CPB,The Campbell's Company,adjusted gross,0.07005881829527896,2024,2024
CPB,The Campbell's Company,base business,0.06648632943200873,2024,2024
CPB,The Campbell's Company,beverage,0.0870573225799242,2024,2024
CPB,The Campbell's Company,categories,0.09342038850309119,2024,2024
CPB,The Campbell's Company,category,0.09383946352573194,2024,2024
CPB,The Campbell's Company,consumer,0.09881989653793606,2024,2024
CPB,The Campbell's Company,consumers,0.06632961810017059,2024,2024
CPB,The Campbell's Company,ebit,0.13622268290312128,2024,2024
CPB,The Campbell's Company,gross profit,0.06106539966977017,2024,2024
CPB,The Campbell's Company,marketing,0.07923357731366024,2024,2024
CPB,The Campbell's Company,net sales,0.3562985448903866,2024,2024
CPB,The Campbell's Company,organic net,0.2599164568499742,2024,2024
CPB,The Campbell's Company,snacks,0.48818168899945213,2024,2024
CPRT,"Copart, Inc.",clients,0.09250068414981417,2024,2024
CPRT,"Copart, Inc.",gross,0.0654515869168715,2024,2024
CPRT,"Copart, Inc.",gross profit,0.10765644748446301,2024,2024
CPRT,"Copart, Inc.",loss,0.15420079599137346,2024,2024
CPRT,"Copart, Inc.",vehicle,0.24405121693147866,2024,2024
CPRT,"Copart, Inc.",vehicles,0.16509795178811007,2024,2024
CPT,Camden Property Trust,construction,0.09239906573423762,2024,2024
CPT,Camden Property Trust,debt,0.08325479578450538,2024,2024
CPT,Camden Property Trust,ffo,0.12262144474116712,2024,2024
CPT,Camden Property Trust,lease,0.21943885759742723,2024,2024
CPT,Camden Property Trust,leasing,0.1159106482736096,2024,2024
CPT,Camden Property Trust,multifamily,0.15398770630900416,2024,2024
CPT,Camden Property Trust,new lease,0.15963933451260146,2024,2024
CPT,Camden Property Trust,noi,0.11573107299800896,2024,2024
CPT,Camden Property Trust,occupancy,0.20158050083538623,2024,2024
CPT,Camden Property Trust,properties,0.08154623605389572,2024,2024
CPT,Camden Property Trust,property,0.15567868065758245,2024,2024
CPT,Camden Property Trust,rent,0.1777337090883678,2024,2024
CPT,Camden Property Trust,rent growth,0.14584711166391606,2024,2024
CPT,Camden Property Trust,rents,0.1328492951302232,2024,2024
CPT,Camden Property Trust,single family,0.08278465327341185,2024,2024
CPT,Camden Property Trust,supply,0.141351495792006,2024,2024
CRL,"Charles River Laboratories International, Inc.",backlog,0.06333574207172507,2024,2024
CRL,"Charles River Laboratories International, Inc.",biotech,0.3979780903502447,2024,2024
CRL,"Charles River Laboratories International, Inc.",bookings,0.08316853697230078,2024,2024
CRL,"Charles River Laboratories International, Inc.",capacity,0.06537621581112796,2024,2024
CRL,"Charles River Laboratories International, Inc.",client,0.2001048290054556,2024,2024
CRL,"Charles River Laboratories International, Inc.",client base,0.11458722657757023,2024,2024
CRL,"Charles River Laboratories International, Inc.",clients,0.48053741233421216,2024,2024
CRL,"Charles River Laboratories International, Inc.",cost savings,0.06415832118689449,2024,2024
CRL,"Charles River Laboratories International, Inc.",demand environment,0.07145420418383477,2024,2024
CRL,"Charles River Laboratories International, Inc.",manufacturing,0.10769539306671694,2024,2024
CRL,"Charles River Laboratories International, Inc.",operating margin,0.09291799970399846,2024,2024
CRL,"Charles River Laboratories International, Inc.",organic revenue,0.08085562088108576,2024,2024
CRL,"Charles River Laboratories International, Inc.",pharma,0.30460853459636844,2024,2024
CRM,"Salesforce, Inc.",ai,0.4065068223537706,2024,2024
CRM,"Salesforce, Inc.",artificial intelligence,0.04796914872798727,2024,2024
CRM,"Salesforce, Inc.",cloud,0.436187349355049,2024,2024
CRM,"Salesforce, Inc.",generative ai,0.0973314451936165,2024,2024
CRM,"Salesforce, Inc.",marketing,0.05275704079422309,2024,2024
CRM,"Salesforce, Inc.",models,0.06434527438239018,2024,2024
CRM,"Salesforce, Inc.",platform,0.0669222814097313,2024,2024
CRM,"Salesforce, Inc.",productivity,0.09132322740895156,2024,2024
CRWD,"CrowdStrike Holdings, Inc.",ai,0.12094374529175204,2024,2024
CRWD,"CrowdStrike Holdings, Inc.",cloud,0.322653095400269,2024,2024
CRWD,"CrowdStrike Holdings, Inc.",cyber,0.07633701959381027,2024,2024
CRWD,"CrowdStrike Holdings, Inc.",cybersecurity,0.18414274065106062,2024,2024
CRWD,"CrowdStrike Holdings, Inc.",gaap net,0.06498868202695732,2024,2024
CRWD,"CrowdStrike Holdings, Inc.",platform,0.1846518331030825,2024,2024
CRWD,"CrowdStrike Holdings, Inc.",subscription,0.06400560401718612,2024,2024
CSCO,"Cisco Systems, Inc.",ai,0.286435110048396,2024,2024
CSCO,"Cisco Systems, Inc.",backlog,0.10117140434965381,2024,2024
CSCO,"Cisco Systems, Inc.",cloud,0.1389195727079818,2024,2024
CSCO,"Cisco Systems, Inc.",gross,0.08738434879733492,2024,2024
CSCO,"Cisco Systems, Inc.",gross margin,0.08300488768747863,2024,2024
CSCO,"Cisco Systems, Inc.",infrastructure,0.07976959328857214,2024,2024
CSCO,"Cisco Systems, Inc.",inventory,0.08335165847922439,2024,2024
CSCO,"Cisco Systems, Inc.",networking,0.2655227428612763,2024,2024
CSCO,"Cisco Systems, Inc.",orders,0.21569394019088972,2024,2024
CSCO,"Cisco Systems, Inc.",software,0.11182181207839005,2024,2024
CSCO,"Cisco Systems, Inc.",subscription,0.09681626488198142,2024,2024
CSGP,"CoStar Group, Inc.",bookings,0.08402964933069154,2024,2024
CSGP,"CoStar Group, Inc.",commercial real,0.06811264872564926,2024,2024
CSGP,"CoStar Group, Inc.",ebitda,0.05953369422597114,2024,2024
CSGP,"CoStar Group, Inc.",properties,0.07294303553412707,2024,2024
CSGP,"CoStar Group, Inc.",property,0.060442353209491914,2024,2024
CSGP,"CoStar Group, Inc.",real estate,0.17514190042093886,2024,2024
CSGP,"CoStar Group, Inc.",residential,0.16805929866138308,2024,2024
CSGP,"CoStar Group, Inc.",revenue growth,0.059192021444439934,2024,2024
CSGP,"CoStar Group, Inc.",traffic,0.09951577868994778,2024,2024
CSX,CSX Corporation,efficiency,0.09819229167447917,2024,2024
CSX,CSX Corporation,industrial,0.08618044232171139,2024,2024
CSX,CSX Corporation,merchandise,0.19439335820268877,2024,2024
CSX,CSX Corporation,network,0.13925661610462428,2024,2024
CSX,CSX Corporation,operating income,0.0731227995456945,2024,2024
CSX,CSX Corporation,port,0.06814908937272135,2024,2024
CSX,CSX Corporation,prices,0.08629841129768327,2024,2024
CSX,CSX Corporation,truck,0.14238742553289685,2024,2024
CSX,CSX Corporation,volume growth,0.0645578394694746,2024,2024
CTAS,Cintas Corporation,gross,0.08216791909077913,2024,2024
CTAS,Cintas Corporation,gross margin,0.09937423617456216,2024,2024
CTAS,Cintas Corporation,products services,0.1063157151967367,2024,2024
CTAS,Cintas Corporation,revenue growth,0.08132980819438554,2024,2024
CTRA,Coterra Energy Inc.,efficiencies,0.0642614777268859,2024,2024
CTRA,Coterra Energy Inc.,efficiency,0.0687101561246778,2024,2024
CTRA,Coterra Energy Inc.,gas,0.43047483906905776,2024,2024
CTRA,Coterra Energy Inc.,lng,0.06918327765736186,2024,2024
CTRA,Coterra Energy Inc.,natural gas,0.19120707890633096,2024,2024
CTRA,Coterra Energy Inc.,oil,0.21069016209126623,2024,2024
CTRA,Coterra Energy Inc.,prices,0.061540076954079745,2024,2024
CTRA,Coterra Energy Inc.,production,0.16690971137509478,2024,2024
CTRA,Coterra Energy Inc.,rig,0.06934853599815131,2024,2024
CTRA,Coterra Energy Inc.,rigs,0.07710217726728208,2024,2024
CTSH,Cognizant Technology Solutions Corporation,ai,0.3689739634797743,2024,2024
CTSH,Cognizant Technology Solutions Corporation,bookings,0.10154807633342366,2024,2024
CTSH,Cognizant Technology Solutions Corporation,client,0.08398716370587343,2024,2024
CTSH,Cognizant Technology Solutions Corporation,clients,0.38515542348011844,2024,2024
CTSH,Cognizant Technology Solutions Corporation,cloud,0.0785776221499875,2024,2024
CTSH,Cognizant Technology Solutions Corporation,engineering,0.07350318006895093,2024,2024
CTSH,Cognizant Technology Solutions Corporation,gen ai,0.1557116227298551,2024,2024
CTSH,Cognizant Technology Solutions Corporation,generative ai,0.08513999655762611,2024,2024
CTSH,Cognizant Technology Solutions Corporation,healthcare,0.08138482933853922,2024,2024
CTSH,Cognizant Technology Solutions Corporation,operating margin,0.06807125244850615,2024,2024
CTSH,Cognizant Technology Solutions Corporation,productivity,0.11158448936788631,2024,2024
CTSH,Cognizant Technology Solutions Corporation,software,0.08021977808678857,2024,2024
CTVA,"Corteva, Inc.",ebitda,0.1061890615274547,2024,2024
CTVA,"Corteva, Inc.",organic sales,0.04107185541488861,2024,2024
CTVA,"Corteva, Inc.",productivity,0.04991666597723147,2024,2024
CVS,CVS Health Corporation,clients,0.06777841103614808,2024,2024
CVS,CVS Health Corporation,health,0.1564233375809044,2024,2024
CVS,CVS Health Corporation,healthcare,0.23843860825555918,2024,2024
CVS,CVS Health Corporation,medicaid,0.131194885714398,2024,2024
CVS,CVS Health Corporation,medical,0.11879917877896234,2024,2024
CVS,CVS Health Corporation,medicare,0.4141102718628568,2024,2024
CVS,CVS Health Corporation,patients,0.06270015931747554,2024,2024
CVS,CVS Health Corporation,store,0.06585185047112412,2024,2024
CVS,CVS Health Corporation,utilization,0.06844066120600628,2024,2024
CVX,Chevron Corporation,barrels,0.20234646877011297,2024,2024
CVX,Chevron Corporation,capex,0.12156200251678176,2024,2024
CVX,Chevron Corporation,cash flow,0.10633460831136243,2024,2024
CVX,Chevron Corporation,free cash,0.08061485584856877,2024,2024
CVX,Chevron Corporation,gas,0.13663754992445315,2024,2024
CVX,Chevron Corporation,oil,0.17295368370341646,2024,2024
CVX,Chevron Corporation,online,0.08413973202234694,2024,2024
CVX,Chevron Corporation,production,0.2321096055788881,2024,2024
CVX,Chevron Corporation,upstream,0.1553841456024427,2024,2024
CZR,"Caesars Entertainment, Inc.",cash flow,0.05913325937710002,2024,2024
CZR,"Caesars Entertainment, Inc.",digital,0.12426215097353123,2024,2024
CZR,"Caesars Entertainment, Inc.",ebitda,0.214140811961569,2024,2024
CZR,"Caesars Entertainment, Inc.",hotel,0.0956117150895546,2024,2024
CZR,"Caesars Entertainment, Inc.",net revenue,0.1042650866295938,2024,2024
CZR,"Caesars Entertainment, Inc.",online,0.08349695979205396,2024,2024
CZR,"Caesars Entertainment, Inc.",properties,0.1499278787469318,2024,2024
CZR,"Caesars Entertainment, Inc.",property,0.10769497438356017,2024,2024
D,"Dominion Energy, Inc.",data center,0.19515279595928917,2024,2024
D,"Dominion Energy, Inc.",data centers,0.10121337765563217,2024,2024
D,"Dominion Energy, Inc.",energy,0.08350911336167151,2024,2024
D,"Dominion Energy, Inc.",gigawatts,0.13383796570488643,2024,2024
D,"Dominion Energy, Inc.",offshore,0.24750982020727327,2024,2024
D,"Dominion Energy, Inc.",operating earnings,0.10334310241564874,2024,2024
DAL,"Delta Air Lines, Inc.",aircraft,0.16728818884976288,2024,2024
DAL,"Delta Air Lines, Inc.",capacity,0.14276348278929848,2024,2024
DAL,"Delta Air Lines, Inc.",travel,0.20884340388542605,2024,2024
DASH,"DoorDash, Inc.",advertising,0.08346666094230053,2024,2024
DASH,"DoorDash, Inc.",categories,0.06163216633352898,2024,2024
DASH,"DoorDash, Inc.",commerce,0.12236210637350127,2024,2024
DASH,"DoorDash, Inc.",consumer,0.08884373642779339,2024,2024
DASH,"DoorDash, Inc.",consumers,0.08021734785262705,2024,2024
DASH,"DoorDash, Inc.",grocery,0.3506798834704465,2024,2024
DASH,"DoorDash, Inc.",gross profit,0.07006370888254818,2024,2024
DASH,"DoorDash, Inc.",platform,0.09341100052284891,2024,2024
DASH,"DoorDash, Inc.",restaurant,0.26130764921178967,2024,2024
DASH,"DoorDash, Inc.",restaurants,0.2971376975799877,2024,2024
DASH,"DoorDash, Inc.",retention,0.10995666858726634,2024,2024
DAY,Dayforce Inc.,adjusted ebitda,0.20660960994957275,2024,2024
DAY,Dayforce Inc.,ai,0.08315841994157419,2024,2024
DAY,Dayforce Inc.,cash flow,0.1615786446837006,2024,2024
DAY,Dayforce Inc.,ebitda,0.17597863259013263,2024,2024
DAY,Dayforce Inc.,free cash,0.13647621406665794,2024,2024
DAY,Dayforce Inc.,recurring,0.3023270037040733,2024,2024
DAY,Dayforce Inc.,recurring revenue,0.20547130996994123,2024,2024
DAY,Dayforce Inc.,total revenue,0.0951191107327888,2024,2024
DD,"DuPont de Nemours, Inc.",ai,0.10663700226986558,2024,2024
DD,"DuPont de Nemours, Inc.",ebitda,0.18222340971411216,2024,2024
DD,"DuPont de Nemours, Inc.",ebitda margin,0.07293089694362236,2024,2024
DD,"DuPont de Nemours, Inc.",industrial,0.13741617512623472,2024,2024
DD,"DuPont de Nemours, Inc.",medical,0.12766538646219946,2024,2024
DD,"DuPont de Nemours, Inc.",net sales,0.12394012210382409,2024,2024
DD,"DuPont de Nemours, Inc.",organic sales,0.2578513077028016,2024,2024
DD,"DuPont de Nemours, Inc.",sales growth,0.07594051783291919,2024,2024
DD,"DuPont de Nemours, Inc.",volumes,0.0813285874602679,2024,2024
DE,Deere & Company,construction,0.12423321505246504,2024,2024
DE,Deere & Company,equipment,0.22617943776250843,2024,2024
DE,Deere & Company,inventories,0.10207123464160846,2024,2024
DE,Deere & Company,inventory,0.2244820446140442,2024,2024
DE,Deere & Company,inventory levels,0.08971714301605536,2024,2024
DE,Deere & Company,net sales,0.09109794306643072,2024,2024
DE,Deere & Company,production,0.19412642726109366,2024,2024
DE,Deere & Company,retail,0.09809195446005131,2024,2024
DECK,Deckers Outdoor Corporation,consumer,0.16089549012691587,2024,2024
DECK,Deckers Outdoor Corporation,consumers,0.12318740811654694,2024,2024
DECK,Deckers Outdoor Corporation,gross,0.06287710002138645,2024,2024
DECK,Deckers Outdoor Corporation,gross margin,0.06803678596709203,2024,2024
DECK,Deckers Outdoor Corporation,inventory,0.08125520194402006,2024,2024
DECK,Deckers Outdoor Corporation,marketing,0.056047847275757116,2024,2024
DECK,Deckers Outdoor Corporation,marketplace,0.12225294574439333,2024,2024
DECK,Deckers Outdoor Corporation,stores,0.08001663253518404,2024,2024
DELL,Dell Technologies Inc.,ai,0.43029676828750063,2024,2024
DELL,Dell Technologies Inc.,backlog,0.10033595315129887,2024,2024
DELL,Dell Technologies Inc.,cloud,0.08913536060859678,2024,2024
DELL,Dell Technologies Inc.,data center,0.0544435198899836,2024,2024
DELL,Dell Technologies Inc.,gpu,0.07282058327525408,2024,2024
DELL,Dell Technologies Inc.,gross,0.06667625418651613,2024,2024
DELL,Dell Technologies Inc.,gross margin,0.07449015591966471,2024,2024
DELL,Dell Technologies Inc.,networking,0.0651720015741442,2024,2024
DELL,Dell Technologies Inc.,operating expense,0.05470000125473762,2024,2024
DELL,Dell Technologies Inc.,operating income,0.05429576331818555,2024,2024
DELL,Dell Technologies Inc.,server,0.311510272899698,2024,2024
DELL,Dell Technologies Inc.,servers,0.4058747406887596,2024,2024
DELL,Dell Technologies Inc.,workloads,0.07843615277961044,2024,2024
DFS,Discover Financial Services,charge,0.12565736004976738,2024,2024
DFS,Discover Financial Services,charge offs,0.21055252672404545,2024,2024
DFS,Discover Financial Services,credit,0.12000337173322204,2024,2024
DFS,Discover Financial Services,deposit,0.13412174629512327,2024,2024
DFS,Discover Financial Services,expenses,0.07212796775499863,2024,2024
DFS,Discover Financial Services,loan,0.29236750830663283,2024,2024
DFS,Discover Financial Services,loan growth,0.11405393449776295,2024,2024
DFS,Discover Financial Services,loans,0.12767465161358313,2024,2024
DFS,Discover Financial Services,losses,0.06329848354388003,2024,2024
DFS,Discover Financial Services,net charge,0.2600942977179385,2024,2024
DFS,Discover Financial Services,payment,0.09066355725882363,2024,2024
DFS,Discover Financial Services,risk management,0.1194204686244641,2024,2024
DG,Dollar General Corporation,consumer,0.10734835599106782,2024,2024
DG,Dollar General Corporation,inventory,0.12606883427256085,2024,2024
DG,Dollar General Corporation,merchandising,0.05479338931023646,2024,2024
DG,Dollar General Corporation,net sales,0.05357898630311817,2024,2024
DG,Dollar General Corporation,real estate,0.06033026725767344,2024,2024
DG,Dollar General Corporation,sales growth,0.05393316754342802,2024,2024
DG,Dollar General Corporation,store,0.3522319144249046,2024,2024
DG,Dollar General Corporation,store sales,0.0675514148286493,2024,2024
DG,Dollar General Corporation,stores,0.5385228467843511,2024,2024
DG,Dollar General Corporation,supply chain,0.05323653497502147,2024,2024
DG,Dollar General Corporation,traffic,0.07061226527635978,2024,2024
DGX,Quest Diagnostics Incorporated,base business,0.11357351061745526,2024,2024
DGX,Quest Diagnostics Incorporated,clinical,0.09399187085582503,2024,2024
DGX,Quest Diagnostics Incorporated,diagnostics,0.36315512294303764,2024,2024
DGX,Quest Diagnostics Incorporated,eps,0.13287434101837295,2024,2024
DGX,Quest Diagnostics Incorporated,health,0.2478093198085042,2024,2024
DGX,Quest Diagnostics Incorporated,medicare,0.15560264103229987,2024,2024
DGX,Quest Diagnostics Incorporated,oncology,0.09336466380741938,2024,2024
DGX,Quest Diagnostics Incorporated,revenue growth,0.09770580321941723,2024,2024
DGX,Quest Diagnostics Incorporated,revenues,0.13025058659626798,2024,2024
DGX,Quest Diagnostics Incorporated,utilization,0.10733000886197636,2024,2024
DHI,"D.R. Horton, Inc.",cash flow,0.07102316335588812,2024,2024
DHI,"D.R. Horton, Inc.",gross,0.09009706389345784,2024,2024
DHI,"D.R. Horton, Inc.",gross margin,0.09666141609139534,2024,2024
DHI,"D.R. Horton, Inc.",inventory,0.16873425307633302,2024,2024
DHI,"D.R. Horton, Inc.",mortgage,0.1989093578836855,2024,2024
DHI,"D.R. Horton, Inc.",profit margin,0.07039454541447479,2024,2024
DHI,"D.R. Horton, Inc.",revenues,0.10284151939813846,2024,2024
DHI,"D.R. Horton, Inc.",single family,0.08289294590246964,2024,2024
DHR,Danaher Corporation,biotech,0.0854620453998864,2024,2024
DHR,Danaher Corporation,diagnostics,0.34105354890873985,2024,2024
DHR,Danaher Corporation,equipment,0.07230900321394038,2024,2024
DHR,Danaher Corporation,life science,0.06638696980706245,2024,2024
DHR,Danaher Corporation,life sciences,0.23148677125260936,2024,2024
DHR,Danaher Corporation,orders,0.11485961032156823,2024,2024
DHR,Danaher Corporation,patients,0.07697916860443631,2024,2024
DHR,Danaher Corporation,pharma,0.10180289201950478,2024,2024
DHR,Danaher Corporation,profit margin,0.07920396634082855,2024,2024
DHR,Danaher Corporation,therapies,0.10472376159077022,2024,2024
DIS,The Walt Disney Company,advertising,0.08719316705068618,2024,2024
DIS,The Walt Disney Company,churn,0.07773789385615665,2024,2024
DIS,The Walt Disney Company,consumer,0.06133550981150821,2024,2024
DIS,The Walt Disney Company,streaming,0.35385594943706566,2024,2024
DLR,"Digital Realty Trust, Inc.",ai,0.19591635922314118,2024,2024
DLR,"Digital Realty Trust, Inc.",bookings,0.15852363101278485,2024,2024
DLR,"Digital Realty Trust, Inc.",capacity,0.14454111284521784,2024,2024
DLR,"Digital Realty Trust, Inc.",category,0.06827420246463124,2024,2024
DLR,"Digital Realty Trust, Inc.",cloud,0.12168556992256302,2024,2024
DLR,"Digital Realty Trust, Inc.",data center,0.19186235610747043,2024,2024
DLR,"Digital Realty Trust, Inc.",digital,0.18180765751944927,2024,2024
DLR,"Digital Realty Trust, Inc.",ffo,0.09936688449846699,2024,2024
DLR,"Digital Realty Trust, Inc.",gigawatts,0.06522835922224034,2024,2024
DLR,"Digital Realty Trust, Inc.",leases,0.17301492228055262,2024,2024
DLR,"Digital Realty Trust, Inc.",leasing,0.24995917397440442,2024,2024
DLR,"Digital Realty Trust, Inc.",megawatt,0.5207824732721023,2024,2024
DLR,"Digital Realty Trust, Inc.",megawatts,0.12344188885957351,2024,2024
DLR,"Digital Realty Trust, Inc.",power,0.09347510155256884,2024,2024
DLTR,"Dollar Tree, Inc.",freight,0.03701893138827411,2024,2024
DLTR,"Dollar Tree, Inc.",net sales,0.03730336531362783,2024,2024
DLTR,"Dollar Tree, Inc.",store,0.09500923292982728,2024,2024
DLTR,"Dollar Tree, Inc.",stores,0.281919422955728,2024,2024
DLTR,"Dollar Tree, Inc.",traffic,0.043699970354875224,2024,2024
DOC,"Healthpeak Properties, Inc.",affo,0.13213571083407905,2024,2024
DOC,"Healthpeak Properties, Inc.",lease,0.22018426423534465,2024,2024
DOC,"Healthpeak Properties, Inc.",leases,0.18157616220317244,2024,2024
DOC,"Healthpeak Properties, Inc.",leasing,0.35877187248572695,2024,2024
DOC,"Healthpeak Properties, Inc.",life science,0.2263474172646759,2024,2024
DOC,"Healthpeak Properties, Inc.",medical,0.10345560870246585,2024,2024
DOC,"Healthpeak Properties, Inc.",occupancy,0.11807916996404934,2024,2024
DOC,"Healthpeak Properties, Inc.",rent,0.15683314077970764,2024,2024
DOC,"Healthpeak Properties, Inc.",store,0.09764441560820904,2024,2024
DOC,"Healthpeak Properties, Inc.",tenant,0.15904117976112633,2024,2024
DOC,"Healthpeak Properties, Inc.",tenants,0.2456363517409095,2024,2024
DOV,Dover Corporation,bookings,0.2119875613727942,2024,2024
DOV,Dover Corporation,cash flow,0.07248596691849821,2024,2024
DOV,Dover Corporation,clean energy,0.14998882054778906,2024,2024
DOV,Dover Corporation,energy,0.07489406131623222,2024,2024
DOV,Dover Corporation,gas,0.06955470073216433,2024,2024
DOV,Dover Corporation,inventory,0.08321786990624744,2024,2024
DOV,Dover Corporation,margin performance,0.08288567647655305,2024,2024
DOV,Dover Corporation,orders,0.14382499823535974,2024,2024
DOV,Dover Corporation,production,0.07473259515763953,2024,2024
DOW,Dow Inc.,cash flow,0.06734038493770755,2024,2024
DOW,Dow Inc.,construction,0.09608626450229056,2024,2024
DOW,Dow Inc.,ebit,0.06238305119726262,2024,2024
DOW,Dow Inc.,ebitda,0.10017416768603707,2024,2024
DOW,Dow Inc.,energy,0.07024158383921517,2024,2024
DOW,Dow Inc.,gulf coast,0.10710909944596564,2024,2024
DOW,Dow Inc.,industrial,0.07365361133719983,2024,2024
DPZ,"Domino's Pizza, Inc.",consumer,0.059476577658827856,2024,2024
DPZ,"Domino's Pizza, Inc.",food,0.10117624965335954,2024,2024
DPZ,"Domino's Pizza, Inc.",loyalty,0.23204971381698045,2024,2024
DPZ,"Domino's Pizza, Inc.",marketing,0.05817424873852172,2024,2024
DPZ,"Domino's Pizza, Inc.",orders,0.06111326051823801,2024,2024
DPZ,"Domino's Pizza, Inc.",profit,0.08999738052278503,2024,2024
DPZ,"Domino's Pizza, Inc.",retail,0.09328457559757489,2024,2024
DPZ,"Domino's Pizza, Inc.",retail sales,0.1917900939706745,2024,2024
DPZ,"Domino's Pizza, Inc.",sales growth,0.08611892602516873,2024,2024
DPZ,"Domino's Pizza, Inc.",store,0.3534879711494667,2024,2024
DPZ,"Domino's Pizza, Inc.",store sales,0.24594886022459891,2024,2024
DPZ,"Domino's Pizza, Inc.",stores,0.29068335336706863,2024,2024
DRI,"Darden Restaurants, Inc.",consumer,0.11330108210389066,2024,2024
DRI,"Darden Restaurants, Inc.",food,0.12199336187230256,2024,2024
DRI,"Darden Restaurants, Inc.",inflation,0.1435216954429115,2024,2024
DRI,"Darden Restaurants, Inc.",marketing,0.07425899568561857,2024,2024
DRI,"Darden Restaurants, Inc.",restaurant,0.4103810053639216,2024,2024
DRI,"Darden Restaurants, Inc.",restaurants,0.24849565909429164,2024,2024
DRI,"Darden Restaurants, Inc.",traffic,0.18451019084229928,2024,2024
DTE,DTE Energy Company,data center,0.11057419928372819,2024,2024
DTE,DTE Energy Company,data centers,0.09249649028366892,2024,2024
DTE,DTE Energy Company,energy,0.16500123672076095,2024,2024
DTE,DTE Energy Company,eps,0.08385943990710502,2024,2024
DTE,DTE Energy Company,gas,0.18313436108836023,2024,2024
DTE,DTE Energy Company,grid,0.17219005248029173,2024,2024
DTE,DTE Energy Company,megawatts,0.12020559165190767,2024,2024
DTE,DTE Energy Company,operating earnings,0.10478179562025589,2024,2024
DTE,DTE Energy Company,utility,0.13219111087578997,2024,2024
DUK,Duke Energy Corporation,capital plan,0.09958817198595882,2024,2024
DUK,Duke Energy Corporation,credit,0.07269955294280965,2024,2024
DUK,Duke Energy Corporation,economic,0.12631113588501597,2024,2024
DUK,Duke Energy Corporation,energy,0.1805442656901815,2024,2024
DUK,Duke Energy Corporation,ffo,0.10366468135538558,2024,2024
DUK,Duke Energy Corporation,gas,0.09315159564718262,2024,2024
DUK,Duke Energy Corporation,grid,0.09033065539946412,2024,2024
DUK,Duke Energy Corporation,regulatory,0.07379496152368488,2024,2024
DVA,DaVita Inc.,clinical,0.09851421698774909,2024,2024
DVA,DaVita Inc.,medicare,0.10378412653294389,2024,2024
DVA,DaVita Inc.,operating income,0.12602966025379708,2024,2024
DVA,DaVita Inc.,patient,0.1765633973547211,2024,2024
DVA,DaVita Inc.,patients,0.4912459822634784,2024,2024
DVA,DaVita Inc.,volume growth,0.06923320876874513,2024,2024
DVN,Devon Energy Corporation,cash flow,0.07395706577433767,2024,2024
DVN,Devon Energy Corporation,efficiencies,0.06791499181860508,2024,2024
DVN,Devon Energy Corporation,free cash,0.0790546517244961,2024,2024
DVN,Devon Energy Corporation,gas,0.17662725968819634,2024,2024
DVN,Devon Energy Corporation,inventory,0.11988545950033681,2024,2024
DVN,Devon Energy Corporation,oil,0.19748863163742258,2024,2024
DVN,Devon Energy Corporation,production,0.14026922383032678,2024,2024
DVN,Devon Energy Corporation,productivity,0.11091110323350291,2024,2024
DVN,Devon Energy Corporation,rig,0.11263143555681272,2024,2024
DVN,Devon Energy Corporation,rigs,0.1355813068075961,2024,2024
DXCM,"DexCom, Inc.",medicare,0.06638038272682804,2024,2024
DXCM,"DexCom, Inc.",patient,0.23156362391788374,2024,2024
DXCM,"DexCom, Inc.",patients,0.31786321102594733,2024,2024
DXCM,"DexCom, Inc.",utilization,0.07325949759274761,2024,2024
EA,Electronic Arts Inc.,bookings,0.1801694478682754,2024,2024
EBAY,eBay Inc.,advertising,0.07382437273310494,2024,2024
EBAY,eBay Inc.,ai,0.05072865511605453,2024,2024
EBAY,eBay Inc.,categories,0.11315699148676778,2024,2024
EBAY,eBay Inc.,category,0.05163171566787563,2024,2024
EBAY,eBay Inc.,inventory,0.044941689692627795,2024,2024
EBAY,eBay Inc.,marketplace,0.049042918817000875,2024,2024
EBAY,eBay Inc.,platform,0.04983423507737581,2024,2024
EBAY,eBay Inc.,shipping,0.11862504264936277,2024,2024
ECL,Ecolab Inc.,data centers,0.11634183247511605,2024,2024
ECL,Ecolab Inc.,digital,0.1323777226641881,2024,2024
ECL,Ecolab Inc.,healthcare,0.08685805242475027,2024,2024
ECL,Ecolab Inc.,industrial,0.11717967336581811,2024,2024
ECL,Ecolab Inc.,life science,0.10941721537886075,2024,2024
ECL,Ecolab Inc.,life sciences,0.13940528761812732,2024,2024
ECL,Ecolab Inc.,organic sales,0.07784536242029516,2024,2024
ECL,Ecolab Inc.,volume growth,0.10776487448220382,2024,2024
EFX,Equifax Inc.,adjusted ebitda,0.05258832025322727,2024,2024
EFX,Equifax Inc.,ai,0.0515008978237762,2024,2024
EFX,Equifax Inc.,auto,0.09515702501616437,2024,2024
EFX,Equifax Inc.,cloud,0.25186338133635333,2024,2024
EFX,Equifax Inc.,consumer,0.08994581483548846,2024,2024
EFX,Equifax Inc.,credit,0.13597263356314054,2024,2024
EFX,Equifax Inc.,ebitda,0.07763915658988457,2024,2024
EFX,Equifax Inc.,ebitda margins,0.07394381130315122,2024,2024
EFX,Equifax Inc.,mortgage,0.7998909119647705,2024,2024
EFX,Equifax Inc.,new products,0.06385851226669592,2024,2024
EFX,Equifax Inc.,revenue growth,0.10315868505411012,2024,2024
EG,"Everest Group, Ltd.",expense ratio,0.10370668545127872,2024,2024
EG,"Everest Group, Ltd.",loss,0.245170990167823,2024,2024
EG,"Everest Group, Ltd.",loss ratio,0.17550362153293322,2024,2024
EG,"Everest Group, Ltd.",losses,0.07598123480493277,2024,2024
EG,"Everest Group, Ltd.",property,0.2034133909091207,2024,2024
EIX,Edison International,cost capital,0.11261226956387546,2024,2024
EIX,Edison International,energy,0.09046716176460186,2024,2024
EIX,Edison International,eps,0.13801863800923195,2024,2024
EIX,Edison International,fund,0.09095245291306364,2024,2024
EIX,Edison International,gas,0.10306154145158242,2024,2024
EIX,Edison International,grid,0.13880624315666315,2024,2024
EIX,Edison International,regulatory,0.10394700688325581,2024,2024
EIX,Edison International,utilities,0.12520556799964336,2024,2024
EIX,Edison International,utility,0.1533311711456441,2024,2024
EL,The Estée Lauder Companies Inc.,category,0.06614488371037497,2024,2024
EL,The Estée Lauder Companies Inc.,consumer,0.13311831025481982,2024,2024
EL,The Estée Lauder Companies Inc.,consumers,0.0936727048780719,2024,2024
EL,The Estée Lauder Companies Inc.,inventory,0.08425515681443262,2024,2024
EL,The Estée Lauder Companies Inc.,luxury,0.0828080415982469,2024,2024
EL,The Estée Lauder Companies Inc.,net sales,0.24618180371825635,2024,2024
EL,The Estée Lauder Companies Inc.,organic net,0.2092648900626763,2024,2024
EL,The Estée Lauder Companies Inc.,organic sales,0.11842645053897498,2024,2024
EL,The Estée Lauder Companies Inc.,profit,0.15222693857939892,2024,2024
EL,The Estée Lauder Companies Inc.,retail,0.2997954832360267,2024,2024
EL,The Estée Lauder Companies Inc.,retail sales,0.09988265582941265,2024,2024
EL,The Estée Lauder Companies Inc.,sales growth,0.12733277836776316,2024,2024
EL,The Estée Lauder Companies Inc.,travel,0.2727253506475697,2024,2024
ELV,"Elevance Health, Inc.",diluted earnings,0.05756733258338019,2024,2024
ELV,"Elevance Health, Inc.",expense ratio,0.06465188026754397,2024,2024
ELV,"Elevance Health, Inc.",health,0.24860373321748996,2024,2024
ELV,"Elevance Health, Inc.",medicaid,0.6693371133581022,2024,2024
ELV,"Elevance Health, Inc.",medical,0.05313179484128618,2024,2024
ELV,"Elevance Health, Inc.",medicare,0.2759765478513329,2024,2024
EMN,Eastman Chemical Company,ebitda,0.0833520881490167,2024,2024
EMN,Eastman Chemical Company,food,0.07912129138792812,2024,2024
EMN,Eastman Chemical Company,inventory,0.08046009236147975,2024,2024
EMR,Emerson Electric Co.,automation,0.1872730253992939,2024,2024
EMR,Emerson Electric Co.,backlog,0.10465022031640386,2024,2024
EMR,Emerson Electric Co.,energy,0.08163092951593681,2024,2024
EMR,Emerson Electric Co.,life sciences,0.12488112712789702,2024,2024
EMR,Emerson Electric Co.,lng,0.13344298513355282,2024,2024
EMR,Emerson Electric Co.,orders,0.1578179785126526,2024,2024
EMR,Emerson Electric Co.,power,0.0905085745505264,2024,2024
EMR,Emerson Electric Co.,power generation,0.0811965632977826,2024,2024
EMR,Emerson Electric Co.,software,0.16962119828818428,2024,2024
ENPH,"Enphase Energy, Inc.",energy,0.09256211878073996,2024,2024
ENPH,"Enphase Energy, Inc.",ev,0.14100202980412888,2024,2024
ENPH,"Enphase Energy, Inc.",grid,0.10848795303457569,2024,2024
ENPH,"Enphase Energy, Inc.",gross,0.06423457061539395,2024,2024
ENPH,"Enphase Energy, Inc.",gross margin,0.06449228766689781,2024,2024
ENPH,"Enphase Energy, Inc.",megawatt,0.1684480962731661,2024,2024
ENPH,"Enphase Energy, Inc.",power,0.07611618818311265,2024,2024
ENPH,"Enphase Energy, Inc.",software,0.09900328826009423,2024,2024
EOG,"EOG Resources, Inc.",barrels,0.09750711387647736,2024,2024
EOG,"EOG Resources, Inc.",cash flow,0.09828784516354495,2024,2024
EOG,"EOG Resources, Inc.",debt,0.06606061191204818,2024,2024
EOG,"EOG Resources, Inc.",free cash,0.10637574216724854,2024,2024
EOG,"EOG Resources, Inc.",gas,0.34916833095079086,2024,2024
EOG,"EOG Resources, Inc.",gulf coast,0.0661313290652874,2024,2024
EOG,"EOG Resources, Inc.",inventory,0.06683590688838044,2024,2024
EOG,"EOG Resources, Inc.",lng,0.0757871767958325,2024,2024
EOG,"EOG Resources, Inc.",marketing,0.07237911501277576,2024,2024
EOG,"EOG Resources, Inc.",natural gas,0.17053806769068813,2024,2024
EOG,"EOG Resources, Inc.",oil,0.3082660718342963,2024,2024
EOG,"EOG Resources, Inc.",production,0.1151391219083502,2024,2024
EOG,"EOG Resources, Inc.",rig,0.18316779496645974,2024,2024
EPAM,"EPAM Systems, Inc.",ai,0.17645885037116643,2024,2024
EPAM,"EPAM Systems, Inc.",client,0.2301927855171649,2024,2024
EPAM,"EPAM Systems, Inc.",clients,0.4819178336716213,2024,2024
EPAM,"EPAM Systems, Inc.",demand environment,0.08528737205014601,2024,2024
EPAM,"EPAM Systems, Inc.",diluted eps,0.07819058934966418,2024,2024
EPAM,"EPAM Systems, Inc.",engineering,0.08536363872573217,2024,2024
EPAM,"EPAM Systems, Inc.",revenues,0.07991438553756186,2024,2024
EPAM,"EPAM Systems, Inc.",utilization,0.0760952015595532,2024,2024
EQIX,"Equinix, Inc.",adjusted ebitda,0.08770742193610856,2024,2024
EQIX,"Equinix, Inc.",affo,0.209309387248392,2024,2024
EQIX,"Equinix, Inc.",ai,0.19121597278874305,2024,2024
EQIX,"Equinix, Inc.",bookings,0.2228864780276274,2024,2024
EQIX,"Equinix, Inc.",capacity,0.16420297791411959,2024,2024
EQIX,"Equinix, Inc.",churn,0.262503470018846,2024,2024
EQIX,"Equinix, Inc.",cloud,0.17871781839830708,2024,2024
EQIX,"Equinix, Inc.",data center,0.10840403749515573,2024,2024
EQIX,"Equinix, Inc.",digital,0.10325749722801776,2024,2024
EQIX,"Equinix, Inc.",gross,0.07971498840094307,2024,2024
EQIX,"Equinix, Inc.",infrastructure,0.07510087353795876,2024,2024
EQIX,"Equinix, Inc.",megawatts,0.13124215200901893,2024,2024
EQIX,"Equinix, Inc.",power,0.11843565495176654,2024,2024
EQIX,"Equinix, Inc.",recurring,0.17562345418865224,2024,2024
EQIX,"Equinix, Inc.",retail,0.08848276612564024,2024,2024
EQIX,"Equinix, Inc.",revenues,0.10251279454101957,2024,2024
EQIX,"Equinix, Inc.",workloads,0.1612143997151164,2024,2024
EQR,Equity Residential,lease,0.22451370717858835,2024,2024
EQR,Equity Residential,leasing,0.12194211274649956,2024,2024
EQR,Equity Residential,new lease,0.26428567036204237,2024,2024
EQR,Equity Residential,noi,0.1318820666450052,2024,2024
EQR,Equity Residential,occupancy,0.24832693689582294,2024,2024
EQR,Equity Residential,properties,0.08697556276128517,2024,2024
EQR,Equity Residential,rent,0.14970945904482064,2024,2024
EQR,Equity Residential,rents,0.09918605610598817,2024,2024
EQR,Equity Residential,residential,0.06272368711885916,2024,2024
EQR,Equity Residential,store,0.15709046607272792,2024,2024
EQR,Equity Residential,supply,0.16685757135660512,2024,2024
EQT,EQT Corporation,efficiency,0.06484928282024112,2024,2024
EQT,EQT Corporation,energy,0.07798461470046236,2024,2024
EQT,EQT Corporation,gas,0.4935624303257282,2024,2024
EQT,EQT Corporation,inventory,0.08729994859724276,2024,2024
EQT,EQT Corporation,lng,0.15404112929021155,2024,2024
EQT,EQT Corporation,midstream,0.20764142658047313,2024,2024
EQT,EQT Corporation,natural gas,0.3061045231248354,2024,2024
EQT,EQT Corporation,power,0.08646571042698817,2024,2024
EQT,EQT Corporation,prices,0.07041673415437229,2024,2024
EQT,EQT Corporation,production,0.17076395436443367,2024,2024
EQT,EQT Corporation,upstream,0.12058726810174872,2024,2024
EQT,EQT Corporation,volumes,0.08055744041210817,2024,2024
ERIE,Erie Indemnity Company,expenses,0.09456793205134785,2024,2024
ES,Eversource Energy,clean energy,0.23775332688223236,2024,2024
ES,Eversource Energy,debt,0.11852277100194548,2024,2024
ES,Eversource Energy,distribution,0.09722913301664088,2024,2024
ES,Eversource Energy,energy,0.22195028866436392,2024,2024
ES,Eversource Energy,equity,0.13688935658140955,2024,2024
ES,Eversource Energy,ffo,0.19848079464804774,2024,2024
ES,Eversource Energy,gas,0.11760422455646459,2024,2024
ES,Eversource Energy,infrastructure,0.08958400256432698,2024,2024
ES,Eversource Energy,offshore,0.20699662713799713,2024,2024
ES,Eversource Energy,regulatory,0.1186146351712954,2024,2024
ES,Eversource Energy,utility,0.08435920511690395,2024,2024
ESS,"Essex Property Trust, Inc.",ffo,0.18066924294582543,2024,2024
ESS,"Essex Property Trust, Inc.",lease,0.16274815467828063,2024,2024
ESS,"Essex Property Trust, Inc.",leasing,0.07574611829895943,2024,2024
ESS,"Essex Property Trust, Inc.",new lease,0.15680736090737055,2024,2024
ESS,"Essex Property Trust, Inc.",occupancy,0.13972817440065693,2024,2024
ESS,"Essex Property Trust, Inc.",property,0.13605765075839463,2024,2024
ESS,"Essex Property Trust, Inc.",rent,0.36035256231018475,2024,2024
ESS,"Essex Property Trust, Inc.",rent growth,0.2723120348844425,2024,2024
ESS,"Essex Property Trust, Inc.",rents,0.13642405264275065,2024,2024
ESS,"Essex Property Trust, Inc.",supply,0.15496280617827976,2024,2024
ETN,Eaton Corporation plc,aerospace,0.21326479488208483,2024,2024
ETN,Eaton Corporation plc,backlog,0.18044793206887744,2024,2024
ETN,Eaton Corporation plc,capacity,0.15751491213523244,2024,2024
ETN,Eaton Corporation plc,data center,0.24372349038569516,2024,2024
ETN,Eaton Corporation plc,data centers,0.12534375436956324,2024,2024
ETN,Eaton Corporation plc,orders,0.1465287775267578,2024,2024
ETN,Eaton Corporation plc,organic growth,0.09179856166444668,2024,2024
ETN,Eaton Corporation plc,utility,0.0929472449145467,2024,2024
ETN,Eaton Corporation plc,vehicle,0.07322248355582664,2024,2024
ETR,Entergy Corporation,capital plan,0.11849322339528512,2024,2024
ETR,Entergy Corporation,clean energy,0.08126197485360384,2024,2024
ETR,Entergy Corporation,data centers,0.06532897864063737,2024,2024
ETR,Entergy Corporation,energy,0.07560860809620501,2024,2024
ETR,Entergy Corporation,industrial,0.10367560114182316,2024,2024
ETR,Entergy Corporation,regulatory,0.10793497195953518,2024,2024
EVRG,"Evergy, Inc.",capital plan,0.10971521891817856,2024,2024
EVRG,"Evergy, Inc.",economic,0.096411215212115,2024,2024
EVRG,"Evergy, Inc.",eps,0.09337804075887322,2024,2024
EVRG,"Evergy, Inc.",equity,0.08733620966137824,2024,2024
EVRG,"Evergy, Inc.",gas,0.14236016807232094,2024,2024
EVRG,"Evergy, Inc.",gigawatts,0.08482265322211038,2024,2024
EVRG,"Evergy, Inc.",megawatts,0.180340940650121,2024,2024
EVRG,"Evergy, Inc.",natural gas,0.08309735612859086,2024,2024
EW,Edwards Lifesciences Corporation,clinical,0.17230387633071714,2024,2024
EW,Edwards Lifesciences Corporation,disease,0.09967341181767493,2024,2024
EW,Edwards Lifesciences Corporation,patient,0.23361806677783142,2024,2024
EW,Edwards Lifesciences Corporation,patients,0.6449872333787822,2024,2024
EW,Edwards Lifesciences Corporation,sales growth,0.07754101247606542,2024,2024
EW,Edwards Lifesciences Corporation,therapies,0.08402408630438508,2024,2024
EW,Edwards Lifesciences Corporation,therapy,0.1521346597401265,2024,2024
EW,Edwards Lifesciences Corporation,trial,0.15553920927184126,2024,2024
EW,Edwards Lifesciences Corporation,trials,0.06749866395824465,2024,2024
EXC,Exelon Corporation,data centers,0.08019563587112911,2024,2024
EXC,Exelon Corporation,energy,0.14406433868343735,2024,2024
EXC,Exelon Corporation,grid,0.33770284031782644,2024,2024
EXC,Exelon Corporation,operating earnings,0.10455554596940385,2024,2024
EXC,Exelon Corporation,utilities,0.13810111027192926,2024,2024
EXE,Expand Energy Corporation,capacity,0.1416336626806149,2024,2024
EXE,Expand Energy Corporation,debt,0.09334334626579177,2024,2024
EXE,Expand Energy Corporation,energy,0.08002395388276068,2024,2024
EXE,Expand Energy Corporation,gas,0.2848890097017886,2024,2024
EXE,Expand Energy Corporation,lng,0.2716948611493704,2024,2024
EXE,Expand Energy Corporation,market conditions,0.07280341026794424,2024,2024
EXE,Expand Energy Corporation,natural gas,0.07455781645656999,2024,2024
EXE,Expand Energy Corporation,prices,0.09701796148676559,2024,2024
EXE,Expand Energy Corporation,production,0.23034065783147606,2024,2024
EXE,Expand Energy Corporation,rig,0.09708554255261699,2024,2024
EXE,Expand Energy Corporation,rigs,0.15139688416250702,2024,2024
EXE,Expand Energy Corporation,supply,0.11821752767870303,2024,2024
EXE,Expand Energy Corporation,volumes,0.12841621383660387,2024,2024
EXPE,"Expedia Group, Inc.",advertising,0.16855412790277147,2024,2024
EXPE,"Expedia Group, Inc.",ai,0.06524668119528466,2024,2024
EXPE,"Expedia Group, Inc.",bookings,0.2652114572001663,2024,2024
EXPE,"Expedia Group, Inc.",consumer,0.06817682378541201,2024,2024
EXPE,"Expedia Group, Inc.",ebitda,0.09027920151569616,2024,2024
EXPE,"Expedia Group, Inc.",gross,0.09576449152791419,2024,2024
EXPE,"Expedia Group, Inc.",hotel,0.13815627814538514,2024,2024
EXPE,"Expedia Group, Inc.",hotels,0.30268154890802446,2024,2024
EXPE,"Expedia Group, Inc.",loyalty,0.16799620681577032,2024,2024
EXPE,"Expedia Group, Inc.",marketing,0.18722812554544377,2024,2024
EXPE,"Expedia Group, Inc.",supply,0.10364144739778354,2024,2024
EXPE,"Expedia Group, Inc.",traffic,0.06833641546252818,2024,2024
EXPE,"Expedia Group, Inc.",travel,0.15391742385415838,2024,2024
EXPE,"Expedia Group, Inc.",travelers,0.25454170676479354,2024,2024
EXR,Extra Space Storage Inc.,ffo,0.09184964116041755,2024,2024
EXR,Extra Space Storage Inc.,loan,0.10105528692329904,2024,2024
EXR,Extra Space Storage Inc.,loans,0.11421900421319188,2024,2024
EXR,Extra Space Storage Inc.,new customer,0.07443817218750538,2024,2024
EXR,Extra Space Storage Inc.,occupancy,0.5161057199801882,2024,2024
EXR,Extra Space Storage Inc.,pricing power,0.06600573420347139,2024,2024
EXR,Extra Space Storage Inc.,properties,0.13751583666344447,2024,2024
EXR,Extra Space Storage Inc.,property,0.11730036800903551,2024,2024
EXR,Extra Space Storage Inc.,rent,0.05670415925294173,2024,2024
EXR,Extra Space Storage Inc.,rents,0.052980295819684865,2024,2024
EXR,Extra Space Storage Inc.,store,0.26945738045299905,2024,2024
EXR,Extra Space Storage Inc.,stores,0.3541732820965998,2024,2024
EXR,Extra Space Storage Inc.,tenant,0.0727627684159199,2024,2024
F,Ford Motor Company,ebit,0.1295440193119408,2024,2024
F,Ford Motor Company,ev,0.16263536186630365,2024,2024
F,Ford Motor Company,evs,0.1534347900786372,2024,2024
F,Ford Motor Company,software,0.08098739281868032,2024,2024
F,Ford Motor Company,subscriptions,0.042096870065666925,2024,2024
F,Ford Motor Company,trucks,0.0511341280609289,2024,2024
F,Ford Motor Company,vehicle,0.11776217210523142,2024,2024
F,Ford Motor Company,vehicles,0.23807873745396577,2024,2024
FANG,"Diamondback Energy, Inc.",barrels,0.1090330939720028,2024,2024
FANG,"Diamondback Energy, Inc.",capex,0.10484458660382653,2024,2024
FANG,"Diamondback Energy, Inc.",cash flow,0.08758143364985589,2024,2024
FANG,"Diamondback Energy, Inc.",efficiency,0.08142905880706792,2024,2024
FANG,"Diamondback Energy, Inc.",free cash,0.11468216844774762,2024,2024
FANG,"Diamondback Energy, Inc.",gas,0.22659598739400075,2024,2024
FANG,"Diamondback Energy, Inc.",midstream,0.11732775352663305,2024,2024
FANG,"Diamondback Energy, Inc.",oil,0.16768036296894792,2024,2024
FANG,"Diamondback Energy, Inc.",production,0.07084086520736943,2024,2024
FANG,"Diamondback Energy, Inc.",rig,0.21060062270394492,2024,2024
FANG,"Diamondback Energy, Inc.",rigs,0.22076737381689737,2024,2024
FAST,Fastenal Company,distribution,0.08332125581322133,2024,2024
FAST,Fastenal Company,gross,0.09203599971943247,2024,2024
FAST,Fastenal Company,gross margin,0.10945552034102878,2024,2024
FAST,Fastenal Company,industrial,0.07534963378706865,2024,2024
FAST,Fastenal Company,inventory,0.0984945727114052,2024,2024
FAST,Fastenal Company,supply,0.1538434974074509,2024,2024
FAST,Fastenal Company,supply chain,0.14087760161316243,2024,2024
FCX,Freeport-McMoRan Inc.,equipment,0.04633670517898701,2024,2024
FCX,Freeport-McMoRan Inc.,prices,0.052340388436146454,2024,2024
FCX,Freeport-McMoRan Inc.,production,0.11117209165296005,2024,2024
FCX,Freeport-McMoRan Inc.,regulation,0.05084555741361287,2024,2024
FDS,FactSet Research Systems Inc.,ai,0.14094379761044365,2024,2024
FDS,FactSet Research Systems Inc.,banking,0.19757891197780658,2024,2024
FDS,FactSet Research Systems Inc.,client,0.1924927660195412,2024,2024
FDS,FactSet Research Systems Inc.,clients,0.37949981599110383,2024,2024
FDS,FactSet Research Systems Inc.,expenses,0.0877621147320485,2024,2024
FDS,FactSet Research Systems Inc.,generative ai,0.0780539916488479,2024,2024
FDS,FactSet Research Systems Inc.,operating margin,0.07540705620352257,2024,2024
FDS,FactSet Research Systems Inc.,workflows,0.12392117015704872,2024,2024
FDX,FedEx Corporation,aircraft,0.07395696232043937,2024,2024
FDX,FedEx Corporation,commerce,0.10832290386733028,2024,2024
FDX,FedEx Corporation,demand environment,0.07834904839446562,2024,2024
FDX,FedEx Corporation,freight,0.26116466521596315,2024,2024
FDX,FedEx Corporation,network,0.34124657183517987,2024,2024
FDX,FedEx Corporation,operating income,0.09012338405731532,2024,2024
FDX,FedEx Corporation,profit,0.08033186235033006,2024,2024
FDX,FedEx Corporation,volumes,0.05961390121905745,2024,2024
FE,FirstEnergy Corp.,capacity,0.11480945389202517,2024,2024
FE,FirstEnergy Corp.,data center,0.0768195260767857,2024,2024
FE,FirstEnergy Corp.,grid,0.14626713373171418,2024,2024
FE,FirstEnergy Corp.,operating earnings,0.11921309590636556,2024,2024
FE,FirstEnergy Corp.,regulatory,0.09191681093268529,2024,2024
FFIV,"F5, Inc.",ai,0.23350965387456335,2024,2024
FFIV,"F5, Inc.",cloud,0.3634191848185272,2024,2024
FFIV,"F5, Inc.",factories,0.06078091503883348,2024,2024
FFIV,"F5, Inc.",gpu,0.05584416493413755,2024,2024
FFIV,"F5, Inc.",networking,0.0642582918410345,2024,2024
FFIV,"F5, Inc.",saas,0.1716322214110401,2024,2024
FFIV,"F5, Inc.",software,0.3346401754745044,2024,2024
FFIV,"F5, Inc.",subscription,0.10051550684685061,2024,2024
FI,"Fiserv, Inc.",bank,0.07982365876510182,2024,2024
FI,"Fiserv, Inc.",banking,0.14046951931627613,2024,2024
FI,"Fiserv, Inc.",client,0.16348904070757664,2024,2024
FI,"Fiserv, Inc.",clients,0.2429861881793904,2024,2024
FI,"Fiserv, Inc.",commerce,0.09516682178159834,2024,2024
FI,"Fiserv, Inc.",operating margin,0.07205546804576288,2024,2024
FI,"Fiserv, Inc.",organic revenue,0.15308915716945456,2024,2024
FI,"Fiserv, Inc.",revenue growth,0.11135202978858273,2024,2024
FICO,Fair Isaac Corporation,bookings,0.105999010317716,2024,2024
FICO,Fair Isaac Corporation,credit,0.07773740679894861,2024,2024
FICO,Fair Isaac Corporation,gaap earnings,0.07027760795393298,2024,2024
FICO,Fair Isaac Corporation,gaap net,0.12804158619946016,2024,2024
FICO,Fair Isaac Corporation,mortgage,0.414901289739549,2024,2024
FICO,Fair Isaac Corporation,net income,0.07393836590168758,2024,2024
FICO,Fair Isaac Corporation,platform,0.26375757792146615,2024,2024
FICO,Fair Isaac Corporation,revenues,0.1402030324523419,2024,2024
FICO,Fair Isaac Corporation,software,0.30237955070066536,2024,2024
FICO,Fair Isaac Corporation,volumes,0.10559233439248236,2024,2024
FIS,"Fidelity National Information Services, Inc.",adjusted ebitda,0.0696654331975485,2024,2024
FIS,"Fidelity National Information Services, Inc.",bank,0.0844888860392501,2024,2024
FIS,"Fidelity National Information Services, Inc.",banking,0.5582226020970635,2024,2024
FIS,"Fidelity National Information Services, Inc.",capital markets,0.12254936456838851,2024,2024
FIS,"Fidelity National Information Services, Inc.",client,0.0821959102449417,2024,2024
FIS,"Fidelity National Information Services, Inc.",digital,0.14442081050139927,2024,2024
FIS,"Fidelity National Information Services, Inc.",ebitda,0.1189215600076635,2024,2024
FIS,"Fidelity National Information Services, Inc.",ebitda margin,0.07332315017479393,2024,2024
FIS,"Fidelity National Information Services, Inc.",eps,0.07182050350015123,2024,2024
FIS,"Fidelity National Information Services, Inc.",payments,0.08871483381099748,2024,2024
FIS,"Fidelity National Information Services, Inc.",recurring,0.26853088610201886,2024,2024
FIS,"Fidelity National Information Services, Inc.",recurring revenue,0.18327404437784187,2024,2024
FIS,"Fidelity National Information Services, Inc.",revenue growth,0.14827816172541392,2024,2024
FITB,Fifth Third Bancorp,banking,0.1271601069643806,2024,2024
FITB,Fifth Third Bancorp,cet1,0.10150332173192271,2024,2024
FITB,Fifth Third Bancorp,charge offs,0.09462401014766242,2024,2024
FITB,Fifth Third Bancorp,consumer,0.07929482881728774,2024,2024
FITB,Fifth Third Bancorp,credit,0.13594202019241572,2024,2024
FITB,Fifth Third Bancorp,deposit,0.34681537062266743,2024,2024
FITB,Fifth Third Bancorp,deposits,0.18342897910874928,2024,2024
FITB,Fifth Third Bancorp,loan,0.27667043032074135,2024,2024
FITB,Fifth Third Bancorp,loan growth,0.25705265915545167,2024,2024
FITB,Fifth Third Bancorp,loans,0.1291005497068317,2024,2024
FITB,Fifth Third Bancorp,payments,0.11040884651791268,2024,2024
FOXA,Fox Corporation,advertising,0.28435062613862944,2024,2024
FOXA,Fox Corporation,distribution,0.05761947065214777,2024,2024
FOXA,Fox Corporation,ebitda,0.07874060780181118,2024,2024
FOXA,Fox Corporation,revenues,0.1574840650611942,2024,2024
FOXA,Fox Corporation,streaming,0.10833280542227015,2024,2024
FRT,Federal Realty Investment Trust,ffo,0.19833871710452952,2024,2024
FRT,Federal Realty Investment Trust,lease,0.11590315611083786,2024,2024
FRT,Federal Realty Investment Trust,leases,0.16280408143772998,2024,2024
FRT,Federal Realty Investment Trust,leasing,0.26787498704941404,2024,2024
FRT,Federal Realty Investment Trust,occupancy,0.24372539782903382,2024,2024
FRT,Federal Realty Investment Trust,properties,0.0914925808772456,2024,2024
FRT,Federal Realty Investment Trust,property,0.08215025814588883,2024,2024
FRT,Federal Realty Investment Trust,rent,0.34473286168559103,2024,2024
FRT,Federal Realty Investment Trust,rents,0.19220013858361112,2024,2024
FRT,Federal Realty Investment Trust,residential,0.11365182804779214,2024,2024
FRT,Federal Realty Investment Trust,retail,0.10026258120171606,2024,2024
FRT,Federal Realty Investment Trust,retailers,0.08033821956957378,2024,2024
FRT,Federal Realty Investment Trust,tenant,0.1885473775391102,2024,2024
FRT,Federal Realty Investment Trust,tenants,0.19777603639924915,2024,2024
FSLR,"First Solar, Inc.",backlog,0.09235005822031772,2024,2024
FSLR,"First Solar, Inc.",bookings,0.2199578412344107,2024,2024
FSLR,"First Solar, Inc.",factories,0.053073800201597646,2024,2024
FSLR,"First Solar, Inc.",factory,0.06123065819539247,2024,2024
FSLR,"First Solar, Inc.",gigawatts,0.5305015336810951,2024,2024
FSLR,"First Solar, Inc.",manufacturing,0.15395197481638453,2024,2024
FSLR,"First Solar, Inc.",megawatts,0.06366652419593959,2024,2024
FSLR,"First Solar, Inc.",production,0.1314849073089013,2024,2024
FTNT,"Fortinet, Inc.",cloud,0.05439439443234041,2024,2024
FTNT,"Fortinet, Inc.",gross,0.061588108554268675,2024,2024
FTNT,"Fortinet, Inc.",gross margin,0.07475189549714509,2024,2024
FTNT,"Fortinet, Inc.",infrastructure,0.05316032664989562,2024,2024
FTNT,"Fortinet, Inc.",network,0.05292032137803668,2024,2024
FTNT,"Fortinet, Inc.",networking,0.1471522489037944,2024,2024
FTNT,"Fortinet, Inc.",saas,0.15372224014068517,2024,2024
FTNT,"Fortinet, Inc.",service revenue,0.060897694690568605,2024,2024
FTNT,"Fortinet, Inc.",software,0.06287835592013875,2024,2024
FTV,Fortive Corporation,cash flow,0.09429281499528704,2024,2024
FTV,Fortive Corporation,free cash,0.11087127549856707,2024,2024
FTV,Fortive Corporation,healthcare,0.1041785686863885,2024,2024
FTV,Fortive Corporation,industrial,0.09757955012254467,2024,2024
FTV,Fortive Corporation,margin expansion,0.10006477664273823,2024,2024
FTV,Fortive Corporation,orders,0.1843218898538295,2024,2024
FTV,Fortive Corporation,saas,0.10505275829448021,2024,2024
FTV,Fortive Corporation,software,0.11121815543527665,2024,2024
GD,General Dynamics Corporation,aerospace,0.29268291751990405,2024,2024
GD,General Dynamics Corporation,aircraft,0.1716002306365271,2024,2024
GD,General Dynamics Corporation,backlog,0.10377182926477198,2024,2024
GD,General Dynamics Corporation,bookings,0.07206410895941913,2024,2024
GD,General Dynamics Corporation,industrial,0.08072288745307574,2024,2024
GD,General Dynamics Corporation,net earnings,0.05735517755793711,2024,2024
GD,General Dynamics Corporation,operating earnings,0.24922909886399688,2024,2024
GD,General Dynamics Corporation,orders,0.09148840193128503,2024,2024
GD,General Dynamics Corporation,revenue billion,0.10308807501232281,2024,2024
GD,General Dynamics Corporation,supply,0.19662047625518375,2024,2024
GD,General Dynamics Corporation,supply chain,0.23620759463659968,2024,2024
GD,General Dynamics Corporation,throughput,0.09825410884365919,2024,2024
GD,General Dynamics Corporation,vehicle,0.06617084236874983,2024,2024
GDDY,GoDaddy Inc.,ai,0.1250966890258419,2024,2024
GDDY,GoDaddy Inc.,bookings,0.38795371365476217,2024,2024
GDDY,GoDaddy Inc.,cash flow,0.11518092420028876,2024,2024
GDDY,GoDaddy Inc.,commerce,0.19556077394414279,2024,2024
GDDY,GoDaddy Inc.,ebitda,0.1609889291300738,2024,2024
GDDY,GoDaddy Inc.,ebitda margin,0.16693814078867314,2024,2024
GDDY,GoDaddy Inc.,free cash,0.12696741507917456,2024,2024
GDDY,GoDaddy Inc.,marketing,0.20269286734839725,2024,2024
GDDY,GoDaddy Inc.,new customers,0.09026054228511061,2024,2024
GDDY,GoDaddy Inc.,platform,0.10116031743135469,2024,2024
GE,General Electric Company,aerospace,0.24055153961116854,2024,2024
GE,General Electric Company,aircraft,0.0644733996418356,2024,2024
GE,General Electric Company,free cash,0.05497991445875327,2024,2024
GE,General Electric Company,operating profit,0.05804568256681816,2024,2024
GE,General Electric Company,orders,0.068747789888495,2024,2024
GE,General Electric Company,profit,0.1791173431948167,2024,2024
GE,General Electric Company,supply,0.05909917718103631,2024,2024
GEHC,GE HealthCare Technologies Inc.,backlog,0.08776288177636705,2024,2024
GEHC,GE HealthCare Technologies Inc.,diagnostics,0.08138863760719328,2024,2024
GEHC,GE HealthCare Technologies Inc.,disease,0.07556751503043152,2024,2024
GEHC,GE HealthCare Technologies Inc.,ebit,0.1700271695051989,2024,2024
GEHC,GE HealthCare Technologies Inc.,equipment,0.08917251811921342,2024,2024
GEHC,GE HealthCare Technologies Inc.,healthcare,0.09371133725333576,2024,2024
GEHC,GE HealthCare Technologies Inc.,orders,0.1803464082242475,2024,2024
GEHC,GE HealthCare Technologies Inc.,organic revenue,0.1045825822595983,2024,2024
GEHC,GE HealthCare Technologies Inc.,patient,0.07211225266944146,2024,2024
GEHC,GE HealthCare Technologies Inc.,patients,0.12184331403599236,2024,2024
GEHC,GE HealthCare Technologies Inc.,productivity,0.08480011555289624,2024,2024
GEHC,GE HealthCare Technologies Inc.,sales growth,0.07152065400392733,2024,2024
GEN,Gen Digital Inc.,ai,0.10885746378677895,2024,2024
GEN,Gen Digital Inc.,bookings,0.10894354355797921,2024,2024
GEN,Gen Digital Inc.,consumer,0.07361490619180605,2024,2024
GEN,Gen Digital Inc.,consumers,0.07780439019902018,2024,2024
GEN,Gen Digital Inc.,cyber,0.21640945858549104,2024,2024
GEN,Gen Digital Inc.,digital,0.07899762497811484,2024,2024
GEN,Gen Digital Inc.,retention,0.2403160729813907,2024,2024
GEV,GE Vernova Inc.,adjusted ebitda,0.07542411181444902,2024,2024
GEV,GE Vernova Inc.,backlog,0.21252437970007676,2024,2024
GEV,GE Vernova Inc.,capacity,0.06923676729813225,2024,2024
GEV,GE Vernova Inc.,cash flow,0.06937792496926662,2024,2024
GEV,GE Vernova Inc.,ebitda,0.20229118669896434,2024,2024
GEV,GE Vernova Inc.,ebitda margin,0.1185470461769614,2024,2024
GEV,GE Vernova Inc.,ebitda margins,0.06709755019316278,2024,2024
GEV,GE Vernova Inc.,equipment,0.20334154085677594,2024,2024
GEV,GE Vernova Inc.,free cash,0.07757514573381007,2024,2024
GEV,GE Vernova Inc.,gas,0.30958087057283623,2024,2024
GEV,GE Vernova Inc.,gigawatts,0.07360999704689171,2024,2024
GEV,GE Vernova Inc.,grid,0.14387794265794474,2024,2024
GEV,GE Vernova Inc.,margin expansion,0.09133899707757977,2024,2024
GEV,GE Vernova Inc.,offshore,0.21308319108551635,2024,2024
GEV,GE Vernova Inc.,orders,0.3343508444598161,2024,2024
GEV,GE Vernova Inc.,power,0.19733223570621197,2024,2024
GEV,GE Vernova Inc.,productivity,0.06388661059901517,2024,2024
GILD,"Gilead Sciences, Inc.",clinical,0.14374062796545364,2024,2024
GILD,"Gilead Sciences, Inc.",disease,0.1544854376730691,2024,2024
GILD,"Gilead Sciences, Inc.",oncology,0.1896045137234601,2024,2024
GILD,"Gilead Sciences, Inc.",patients,0.36191921848467895,2024,2024
GILD,"Gilead Sciences, Inc.",therapies,0.07180264870998002,2024,2024
GILD,"Gilead Sciences, Inc.",therapy,0.22517453635243775,2024,2024
GILD,"Gilead Sciences, Inc.",trial,0.2536693370806039,2024,2024
GILD,"Gilead Sciences, Inc.",trials,0.10555977205803137,2024,2024
GIS,"General Mills, Inc.",categories,0.10269311518472592,2024,2024
GIS,"General Mills, Inc.",category,0.15778987156009092,2024,2024
GIS,"General Mills, Inc.",consumer,0.0753130177208571,2024,2024
GIS,"General Mills, Inc.",consumers,0.10298139078043853,2024,2024
GIS,"General Mills, Inc.",food,0.201009255400313,2024,2024
GIS,"General Mills, Inc.",gross,0.07052555836444341,2024,2024
GIS,"General Mills, Inc.",inflation,0.09383718338036436,2024,2024
GIS,"General Mills, Inc.",inventory,0.08176420263782032,2024,2024
GIS,"General Mills, Inc.",merchandising,0.0888430874416014,2024,2024
GIS,"General Mills, Inc.",price mix,0.09363343744328383,2024,2024
GIS,"General Mills, Inc.",retail,0.07420538048474068,2024,2024
GL,Globe Life Inc.,cash flows,0.09274186708363771,2024,2024
GL,Globe Life Inc.,health,0.1595945021406405,2024,2024
GL,Globe Life Inc.,mortgage,0.08492328049554453,2024,2024
GLW,Corning Incorporated,ai,0.12845102297828775,2024,2024
GLW,Corning Incorporated,capacity,0.0786858295689122,2024,2024
GLW,Corning Incorporated,cash flow,0.09116597850630863,2024,2024
GLW,Corning Incorporated,data center,0.07792058701323028,2024,2024
GLW,Corning Incorporated,eps,0.0926353271149274,2024,2024
GLW,Corning Incorporated,gen ai,0.17964109289707,2024,2024
GLW,Corning Incorporated,net income,0.1872270704012024,2024,2024
GLW,Corning Incorporated,operating margin,0.0864097847228359,2024,2024
GLW,Corning Incorporated,risk adjusted,0.1715962051158185,2024,2024
GM,General Motors Company,cash flow,0.044355407550922675,2024,2024
GM,General Motors Company,ebit,0.15794021508701855,2024,2024
GM,General Motors Company,ev,0.6088758191290881,2024,2024
GM,General Motors Company,evs,0.26452259586186605,2024,2024
GM,General Motors Company,inventory,0.08682929422156994,2024,2024
GM,General Motors Company,luxury,0.04325121144149292,2024,2024
GM,General Motors Company,production,0.11288942370486797,2024,2024
GM,General Motors Company,profit,0.046237646374844385,2024,2024
GM,General Motors Company,profitability,0.0681816928521747,2024,2024
GM,General Motors Company,truck,0.0562769780865993,2024,2024
GM,General Motors Company,vehicle,0.08361500992815121,2024,2024
GM,General Motors Company,vehicles,0.16596219675496005,2024,2024
GNRC,Generac Holdings Inc.,adjusted ebitda,0.13348541951346388,2024,2024
GNRC,Generac Holdings Inc.,ebitda,0.1288548928068931,2024,2024
GNRC,Generac Holdings Inc.,ebitda margins,0.11210578418858126,2024,2024
GNRC,Generac Holdings Inc.,energy,0.16674021307396567,2024,2024
GNRC,Generac Holdings Inc.,grid,0.07595074072690006,2024,2024
GNRC,Generac Holdings Inc.,gross,0.1186891964333037,2024,2024
GNRC,Generac Holdings Inc.,gross margins,0.07935046503539823,2024,2024
GNRC,Generac Holdings Inc.,net sales,0.17141601442442278,2024,2024
GNRC,Generac Holdings Inc.,power,0.19585066718994668,2024,2024
GNRC,Generac Holdings Inc.,residential,0.198313119816551,2024,2024
GOOGL,Alphabet Inc.,advertising,0.09719133911903569,2024,2024
GOOGL,Alphabet Inc.,ai,0.43673565553507243,2024,2024
GOOGL,Alphabet Inc.,capex,0.060155143562633205,2024,2024
GOOGL,Alphabet Inc.,cloud,0.25334901834593326,2024,2024
GOOGL,Alphabet Inc.,infrastructure,0.08030308734241318,2024,2024
GOOGL,Alphabet Inc.,models,0.0856690265522758,2024,2024
GOOGL,Alphabet Inc.,platforms,0.04959979095674002,2024,2024
GOOGL,Alphabet Inc.,revenues,0.07679236406670237,2024,2024
GOOGL,Alphabet Inc.,subscription,0.06497584400661403,2024,2024
GOOGL,Alphabet Inc.,use cases,0.06403203364801731,2024,2024
GPC,Genuine Parts Company,auto,0.07546753051461728,2024,2024
GPC,Genuine Parts Company,automotive,0.4287857690783354,2024,2024
GPC,Genuine Parts Company,gross,0.07891213601751258,2024,2024
GPC,Genuine Parts Company,gross margin,0.09817321363808096,2024,2024
GPC,Genuine Parts Company,industrial,0.2434727820159628,2024,2024
GPC,Genuine Parts Company,inflation,0.07349711119056401,2024,2024
GPC,Genuine Parts Company,inventory,0.0675597995782785,2024,2024
GPC,Genuine Parts Company,market conditions,0.1069611660633995,2024,2024
GPC,Genuine Parts Company,sales growth,0.17540512252762913,2024,2024
GPC,Genuine Parts Company,stores,0.24640736509308578,2024,2024
GPN,Global Payments Inc.,adjusted net,0.16285346208467225,2024,2024
GPN,Global Payments Inc.,bookings,0.07287228559750744,2024,2024
GPN,Global Payments Inc.,clients,0.10820361515389364,2024,2024
GPN,Global Payments Inc.,commerce,0.18686733737888545,2024,2024
GPN,Global Payments Inc.,net revenue,0.15541718853348285,2024,2024
GPN,Global Payments Inc.,payment,0.08909188479584608,2024,2024
GPN,Global Payments Inc.,payments,0.1941771729774036,2024,2024
GPN,Global Payments Inc.,restaurant,0.09328683439397925,2024,2024
GPN,Global Payments Inc.,software,0.20788013879995693,2024,2024
GRMN,Garmin Ltd.,aircraft,0.06868276071922656,2024,2024
GRMN,Garmin Ltd.,auto,0.169214768144484,2024,2024
GRMN,Garmin Ltd.,aviation,0.15739708559144855,2024,2024
GRMN,Garmin Ltd.,gross,0.22424872186867725,2024,2024
GRMN,Garmin Ltd.,gross margin,0.22514843550963146,2024,2024
GRMN,Garmin Ltd.,inventory,0.10940503865732394,2024,2024
GRMN,Garmin Ltd.,operating income,0.12308276860510167,2024,2024
GRMN,Garmin Ltd.,operating margin,0.10010600674210995,2024,2024
GRMN,Garmin Ltd.,revenue increased,0.12503626265425177,2024,2024
GS,"The Goldman Sachs Group, Inc.",banking,0.29309602973700344,2024,2024
GS,"The Goldman Sachs Group, Inc.",client,0.1656558302405385,2024,2024
GS,"The Goldman Sachs Group, Inc.",clients,0.3765429082568307,2024,2024
GS,"The Goldman Sachs Group, Inc.",credit,0.1059569771450289,2024,2024
GS,"The Goldman Sachs Group, Inc.",equities,0.13060867622024483,2024,2024
GS,"The Goldman Sachs Group, Inc.",equity,0.12501334116815133,2024,2024
GS,"The Goldman Sachs Group, Inc.",platform,0.08413505149846734,2024,2024
GS,"The Goldman Sachs Group, Inc.",private credit,0.1472189530656093,2024,2024
GS,"The Goldman Sachs Group, Inc.",revenues,0.1588451563702868,2024,2024
GS,"The Goldman Sachs Group, Inc.",roe,0.12108990467530566,2024,2024
GWW,"W.W. Grainger, Inc.",gross,0.11355254976899977,2024,2024
GWW,"W.W. Grainger, Inc.",gross margin,0.09089200412336869,2024,2024
GWW,"W.W. Grainger, Inc.",inflation,0.07814812850457614,2024,2024
GWW,"W.W. Grainger, Inc.",marketing,0.09249349707007312,2024,2024
GWW,"W.W. Grainger, Inc.",operating margins,0.09131294255483241,2024,2024
GWW,"W.W. Grainger, Inc.",price cost,0.190288095169649,2024,2024
HAL,Halliburton Company,cash flow,0.0812351148674644,2024,2024
HAL,Halliburton Company,equipment,0.0783264490187919,2024,2024
HAL,Halliburton Company,free cash,0.07432831565628924,2024,2024
HAL,Halliburton Company,gas,0.1834650243701301,2024,2024
HAL,Halliburton Company,offshore,0.09432117494580393,2024,2024
HAL,Halliburton Company,oil,0.09209008541224921,2024,2024
HAL,Halliburton Company,oil gas,0.08001124883618926,2024,2024
HAL,Halliburton Company,rig,0.0828072151872661,2024,2024
HAS,"Hasbro, Inc.",consumer,0.13518955355088944,2024,2024
HAS,"Hasbro, Inc.",cost savings,0.11457199740913698,2024,2024
HAS,"Hasbro, Inc.",digital,0.16779462553224078,2024,2024
HAS,"Hasbro, Inc.",operating margin,0.08354122891161994,2024,2024
HAS,"Hasbro, Inc.",operating profit,0.07228627378280589,2024,2024
HAS,"Hasbro, Inc.",profit,0.08356153372550412,2024,2024
HAS,"Hasbro, Inc.",supply,0.07738637067672595,2024,2024
HAS,"Hasbro, Inc.",supply chain,0.08630904014838615,2024,2024
HBAN,Huntington Bancshares Incorporated,capital markets,0.06489227292163449,2024,2024
HBAN,Huntington Bancshares Incorporated,cet1,0.08659662822993788,2024,2024
HBAN,Huntington Bancshares Incorporated,charge offs,0.08922524943283128,2024,2024
HBAN,Huntington Bancshares Incorporated,credit,0.0924130659948152,2024,2024
HBAN,Huntington Bancshares Incorporated,deposit,0.4125010561170893,2024,2024
HBAN,Huntington Bancshares Incorporated,deposits,0.17635490276244475,2024,2024
HBAN,Huntington Bancshares Incorporated,loan,0.37816362805448595,2024,2024
HBAN,Huntington Bancshares Incorporated,loan growth,0.42725765236925695,2024,2024
HBAN,Huntington Bancshares Incorporated,loans,0.0919773549304569,2024,2024
HBAN,Huntington Bancshares Incorporated,net charge,0.06691893707462346,2024,2024
HBAN,Huntington Bancshares Incorporated,revenues,0.07026098135702358,2024,2024
HCA,"HCA Healthcare, Inc.",adjusted ebitda,0.07938122877084039,2024,2024
HCA,"HCA Healthcare, Inc.",ebitda,0.09426559638061405,2024,2024
HCA,"HCA Healthcare, Inc.",medicaid,0.5183042776666479,2024,2024
HCA,"HCA Healthcare, Inc.",medicare,0.2085027016355749,2024,2024
HCA,"HCA Healthcare, Inc.",patients,0.1814590488783365,2024,2024
HCA,"HCA Healthcare, Inc.",payment,0.06893306462246483,2024,2024
HD,"The Home Depot, Inc.",categories,0.1055173641922617,2024,2024
HD,"The Home Depot, Inc.",diluted earnings,0.10818429873576602,2024,2024
HD,"The Home Depot, Inc.",gross margin,0.10118119767332623,2024,2024
HD,"The Home Depot, Inc.",operating margin,0.10551967582055383,2024,2024
HD,"The Home Depot, Inc.",store,0.13476406589615617,2024,2024
HD,"The Home Depot, Inc.",stores,0.17901753372355764,2024,2024
HIG,"The Hartford Insurance Group, Inc.",auto,0.1798038683222275,2024,2024
HIG,"The Hartford Insurance Group, Inc.",expense ratio,0.12112438314662433,2024,2024
HIG,"The Hartford Insurance Group, Inc.",loss,0.20606817477893988,2024,2024
HIG,"The Hartford Insurance Group, Inc.",loss ratio,0.16957413640527405,2024,2024
HIG,"The Hartford Insurance Group, Inc.",losses,0.07597215247145563,2024,2024
HIG,"The Hartford Insurance Group, Inc.",new business,0.10225415444607205,2024,2024
HIG,"The Hartford Insurance Group, Inc.",property,0.18041737261342727,2024,2024
HII,"Huntington Ingalls Industries, Inc.",aircraft,0.07982197957017403,2024,2024
HII,"Huntington Ingalls Industries, Inc.",cash flow,0.09869383132457384,2024,2024
HII,"Huntington Ingalls Industries, Inc.",free cash,0.08843083159897806,2024,2024
HII,"Huntington Ingalls Industries, Inc.",throughput,0.1312528563608955,2024,2024
HLT,Hilton Worldwide Holdings Inc.,adjusted ebitda,0.04792795553275695,2024,2024
HLT,Hilton Worldwide Holdings Inc.,construction,0.0759086580980264,2024,2024
HLT,Hilton Worldwide Holdings Inc.,ebitda,0.08623727845020095,2024,2024
HLT,Hilton Worldwide Holdings Inc.,hotel,0.08827480469313397,2024,2024
HLT,Hilton Worldwide Holdings Inc.,hotels,0.2038737763768248,2024,2024
HLT,Hilton Worldwide Holdings Inc.,luxury,0.1096466339528195,2024,2024
HLT,Hilton Worldwide Holdings Inc.,occupancy,0.06429352956218291,2024,2024
HLT,Hilton Worldwide Holdings Inc.,properties,0.07121495730220075,2024,2024
HLT,Hilton Worldwide Holdings Inc.,revpar,0.7156144035482351,2024,2024
HLT,Hilton Worldwide Holdings Inc.,travel,0.09523972840208147,2024,2024
HOLX,"Hologic, Inc.",chip,0.09285195837237323,2024,2024
HOLX,"Hologic, Inc.",diagnostics,0.3434183382674723,2024,2024
HOLX,"Hologic, Inc.",health,0.1609491166643216,2024,2024
HOLX,"Hologic, Inc.",organic revenue,0.06446596764762991,2024,2024
HON,Honeywell International Inc.,aerospace,0.4811727914524637,2024,2024
HON,Honeywell International Inc.,automation,0.27766758479280823,2024,2024
HON,Honeywell International Inc.,aviation,0.08066881461167084,2024,2024
HON,Honeywell International Inc.,backlog,0.07720154254195268,2024,2024
HON,Honeywell International Inc.,energy,0.10219147315804761,2024,2024
HON,Honeywell International Inc.,industrial,0.09723056647455586,2024,2024
HON,Honeywell International Inc.,lng,0.08693602263056685,2024,2024
HON,Honeywell International Inc.,organic growth,0.08393507804741619,2024,2024
HON,Honeywell International Inc.,organic sales,0.0842237835234661,2024,2024
HPE,Hewlett Packard Enterprise Company,ai,0.33202876524807173,2024,2024
HPE,Hewlett Packard Enterprise Company,backlog,0.055459521753813884,2024,2024
HPE,Hewlett Packard Enterprise Company,cloud,0.1681192815247844,2024,2024
HPE,Hewlett Packard Enterprise Company,gpu,0.05690291428290654,2024,2024
HPE,Hewlett Packard Enterprise Company,networking,0.17187598206340213,2024,2024
HPE,Hewlett Packard Enterprise Company,orders,0.07446464765252928,2024,2024
HPE,Hewlett Packard Enterprise Company,server,0.17289731647498524,2024,2024
HPE,Hewlett Packard Enterprise Company,servers,0.0913060287520417,2024,2024
HPE,Hewlett Packard Enterprise Company,software,0.04590177543502747,2024,2024
HPQ,HP Inc.,ai,0.2403122691355069,2024,2024
HPQ,HP Inc.,cash flow,0.07471946835132104,2024,2024
HPQ,HP Inc.,consumer,0.1427930205294173,2024,2024
HPQ,HP Inc.,free cash,0.0792823273812815,2024,2024
HPQ,HP Inc.,net earnings,0.12119153049883333,2024,2024
HPQ,HP Inc.,operating profit,0.11211160830042646,2024,2024
HPQ,HP Inc.,profit,0.08247199532231693,2024,2024
HRL,Hormel Foods Corporation,advertising,0.1527961229506305,2024,2024
HRL,Hormel Foods Corporation,categories,0.0766340367597084,2024,2024
HRL,Hormel Foods Corporation,distribution,0.06346174840842463,2024,2024
HRL,Hormel Foods Corporation,net earnings,0.13642243613292293,2024,2024
HRL,Hormel Foods Corporation,net sales,0.19976914678672558,2024,2024
HRL,Hormel Foods Corporation,production,0.06387327158041513,2024,2024
HRL,Hormel Foods Corporation,retail,0.19441918492134638,2024,2024
HRL,Hormel Foods Corporation,supply,0.07015088830625299,2024,2024
HSIC,"Henry Schein, Inc.",cyber,0.16060233547391217,2024,2024
HSIC,"Henry Schein, Inc.",diluted eps,0.05879033508095414,2024,2024
HSIC,"Henry Schein, Inc.",distribution,0.12031848769019923,2024,2024
HSIC,"Henry Schein, Inc.",equipment,0.15170106839472483,2024,2024
HSIC,"Henry Schein, Inc.",gaap net,0.05593378577591681,2024,2024
HSIC,"Henry Schein, Inc.",market share,0.08635710451031035,2024,2024
HSIC,"Henry Schein, Inc.",medical,0.15434896613288282,2024,2024
HSIC,"Henry Schein, Inc.",merchandise,0.10974152986154785,2024,2024
HSIC,"Henry Schein, Inc.",sales growth,0.14792092283749775,2024,2024
HST,"Host Hotels & Resorts, Inc.",ebitda,0.13526635648496174,2024,2024
HST,"Host Hotels & Resorts, Inc.",ffo,0.060368728931547495,2024,2024
HST,"Host Hotels & Resorts, Inc.",hotel,0.3567876551025711,2024,2024
HST,"Host Hotels & Resorts, Inc.",hotels,0.14172225443619632,2024,2024
HST,"Host Hotels & Resorts, Inc.",occupancy,0.05706396802891872,2024,2024
HST,"Host Hotels & Resorts, Inc.",properties,0.1014696043150613,2024,2024
HST,"Host Hotels & Resorts, Inc.",property,0.057702066499767744,2024,2024
HST,"Host Hotels & Resorts, Inc.",revpar,0.5756290946850836,2024,2024
HST,"Host Hotels & Resorts, Inc.",travel,0.061772204533545295,2024,2024
HSY,The Hershey Company,category,0.10590232232694678,2024,2024
HSY,The Hershey Company,consumer,0.07076596716204678,2024,2024
HSY,The Hershey Company,consumers,0.07526077396218174,2024,2024
HSY,The Hershey Company,inflation,0.07990562999609167,2024,2024
HSY,The Hershey Company,inventory,0.056143289610585234,2024,2024
HSY,The Hershey Company,price increase,0.051265592547351906,2024,2024
HSY,The Hershey Company,prices,0.05922513487246875,2024,2024
HSY,The Hershey Company,retailer,0.10409931994163239,2024,2024
HSY,The Hershey Company,retailers,0.05320884303088829,2024,2024
HSY,The Hershey Company,store,0.07399169239774706,2024,2024
HUBB,Hubbell Incorporated,automation,0.07658296225303424,2024,2024
HUBB,Hubbell Incorporated,backlog,0.07756666096200754,2024,2024
HUBB,Hubbell Incorporated,distribution,0.12215199890958903,2024,2024
HUBB,Hubbell Incorporated,grid,0.28131558063923917,2024,2024
HUBB,Hubbell Incorporated,inventory,0.10668937218266328,2024,2024
HUBB,Hubbell Incorporated,margin expansion,0.07637134402646671,2024,2024
HUBB,Hubbell Incorporated,operating profit,0.1469732147183546,2024,2024
HUBB,Hubbell Incorporated,orders,0.08278199737335981,2024,2024
HUBB,Hubbell Incorporated,price cost,0.09976501750400617,2024,2024
HUBB,Hubbell Incorporated,productivity,0.09618340337834777,2024,2024
HUBB,Hubbell Incorporated,profit,0.09377497622849228,2024,2024
HUBB,Hubbell Incorporated,utility,0.4634658057388755,2024,2024
HUM,Humana Inc.,clinical,0.10203753062438473,2024,2024
HUM,Humana Inc.,medicaid,0.3093864989461175,2024,2024
HUM,Humana Inc.,medicare,0.28409634930273675,2024,2024
HUM,Humana Inc.,patients,0.07827925519787053,2024,2024
HUM,Humana Inc.,utilization,0.10874957981671703,2024,2024
HWM,Howmet Aerospace Inc.,aerospace,0.3655157735863661,2024,2024
HWM,Howmet Aerospace Inc.,aircraft,0.36737518782753925,2024,2024
HWM,Howmet Aerospace Inc.,cash flow,0.06056421220575306,2024,2024
HWM,Howmet Aerospace Inc.,ebitda,0.2417303470509844,2024,2024
HWM,Howmet Aerospace Inc.,ebitda margin,0.14870810941682136,2024,2024
HWM,Howmet Aerospace Inc.,free cash,0.0599784815380175,2024,2024
HWM,Howmet Aerospace Inc.,gas,0.0638126048802073,2024,2024
HWM,Howmet Aerospace Inc.,production,0.1520310835304689,2024,2024
IBM,International Business Machines Corporation,adjusted ebitda,0.05514662064560249,2024,2024
IBM,International Business Machines Corporation,ai,0.3254900559383629,2024,2024
IBM,International Business Machines Corporation,bookings,0.06924631150179503,2024,2024
IBM,International Business Machines Corporation,cash flow,0.12877789919318944,2024,2024
IBM,International Business Machines Corporation,clients,0.24919830836149343,2024,2024
IBM,International Business Machines Corporation,cloud,0.1240276455610621,2024,2024
IBM,International Business Machines Corporation,free cash,0.14919520129811195,2024,2024
IBM,International Business Machines Corporation,gen ai,0.0763327378171994,2024,2024
IBM,International Business Machines Corporation,generative ai,0.08899521959756361,2024,2024
IBM,International Business Machines Corporation,infrastructure,0.09713863564122033,2024,2024
IBM,International Business Machines Corporation,models,0.08127807404694974,2024,2024
IBM,International Business Machines Corporation,profit,0.11576673572753947,2024,2024
IBM,International Business Machines Corporation,profit margin,0.0919190943087411,2024,2024
IBM,International Business Machines Corporation,revenue growth,0.10856671042254036,2024,2024
IBM,International Business Machines Corporation,software,0.30477052806675203,2024,2024
IBM,International Business Machines Corporation,transaction,0.0621723590004041,2024,2024
ICE,"Intercontinental Exchange, Inc.",clients,0.129977588777974,2024,2024
ICE,"Intercontinental Exchange, Inc.",energy,0.20276808737035174,2024,2024
ICE,"Intercontinental Exchange, Inc.",fixed income,0.2156953285676709,2024,2024
ICE,"Intercontinental Exchange, Inc.",gas,0.213885585807344,2024,2024
ICE,"Intercontinental Exchange, Inc.",lng,0.10588536818947608,2024,2024
ICE,"Intercontinental Exchange, Inc.",loan,0.09242850757544817,2024,2024
ICE,"Intercontinental Exchange, Inc.",mortgage,0.27030116024545364,2024,2024
ICE,"Intercontinental Exchange, Inc.",natural gas,0.17813078592540693,2024,2024
ICE,"Intercontinental Exchange, Inc.",network,0.11178384473263563,2024,2024
ICE,"Intercontinental Exchange, Inc.",oil,0.1285981963891021,2024,2024
ICE,"Intercontinental Exchange, Inc.",platform,0.0919672751002158,2024,2024
ICE,"Intercontinental Exchange, Inc.",recurring,0.08643087555526066,2024,2024
ICE,"Intercontinental Exchange, Inc.",revenues,0.16449368686546423,2024,2024
ICE,"Intercontinental Exchange, Inc.",trading,0.07523583226825986,2024,2024
IDXX,"IDEXX Laboratories, Inc.",clinical,0.2023750786362966,2024,2024
IDXX,"IDEXX Laboratories, Inc.",diagnostic,0.31838987903251,2024,2024
IDXX,"IDEXX Laboratories, Inc.",diagnostics,0.3292268884805048,2024,2024
IDXX,"IDEXX Laboratories, Inc.",installed base,0.07756959876015522,2024,2024
IDXX,"IDEXX Laboratories, Inc.",organic revenue,0.09012787335175634,2024,2024
IDXX,"IDEXX Laboratories, Inc.",recurring,0.13686416528463935,2024,2024
IDXX,"IDEXX Laboratories, Inc.",recurring revenue,0.0961225892884414,2024,2024
IDXX,"IDEXX Laboratories, Inc.",revenue growth,0.09709458142763988,2024,2024
IDXX,"IDEXX Laboratories, Inc.",revenues,0.0924707821181494,2024,2024
IDXX,"IDEXX Laboratories, Inc.",software,0.11065703526676686,2024,2024
IEX,IDEX Corporation,adjusted ebitda,0.16871093194738648,2024,2024
IEX,IDEX Corporation,adjusted eps,0.09472120071819845,2024,2024
IEX,IDEX Corporation,ebitda,0.17243836304238308,2024,2024
IEX,IDEX Corporation,ebitda margin,0.08741855417081233,2024,2024
IEX,IDEX Corporation,eps,0.09104024748974673,2024,2024
IEX,IDEX Corporation,industrial,0.1589343442916116,2024,2024
IEX,IDEX Corporation,life science,0.145292476918806,2024,2024
IEX,IDEX Corporation,life sciences,0.16465306522902123,2024,2024
IEX,IDEX Corporation,orders,0.19392032929325248,2024,2024
IEX,IDEX Corporation,price cost,0.15117712756310236,2024,2024
IEX,IDEX Corporation,semiconductor,0.14209610189969965,2024,2024
IFF,International Flavors & Fragrances Inc.,biotech,0.08269350656647334,2024,2024
IFF,International Flavors & Fragrances Inc.,capex,0.07600656768424302,2024,2024
IFF,International Flavors & Fragrances Inc.,ebitda,0.30495216903027045,2024,2024
IFF,International Flavors & Fragrances Inc.,food,0.1300843269280917,2024,2024
IFF,International Flavors & Fragrances Inc.,health,0.11409549382966833,2024,2024
IFF,International Flavors & Fragrances Inc.,pharma,0.25727186210919567,2024,2024
IFF,International Flavors & Fragrances Inc.,productivity,0.16354326763750635,2024,2024
IFF,International Flavors & Fragrances Inc.,volume growth,0.12282100664748882,2024,2024
INCY,Incyte Corporation,clinical,0.10652912502192045,2024,2024
INCY,Incyte Corporation,disease,0.1682221365223734,2024,2024
INCY,Incyte Corporation,oncology,0.09316057073010704,2024,2024
INCY,Incyte Corporation,patient,0.08228556342732536,2024,2024
INCY,Incyte Corporation,patients,0.6637063290900034,2024,2024
INCY,Incyte Corporation,therapy,0.10419357230206563,2024,2024
INCY,Incyte Corporation,trial,0.060871583390116564,2024,2024
INTC,Intel Corporation,ai,0.1356919738973146,2024,2024
INTC,Intel Corporation,capex,0.04294162892888234,2024,2024
INTC,Intel Corporation,client,0.06871049511166082,2024,2024
INTC,Intel Corporation,data center,0.06410533950881213,2024,2024
INTC,Intel Corporation,foundry,0.5224574247704551,2024,2024
INTC,Intel Corporation,gross,0.10032339475428986,2024,2024
INTC,Intel Corporation,gross margin,0.06766839087429617,2024,2024
INTC,Intel Corporation,gross margins,0.0616638637924914,2024,2024
INTC,Intel Corporation,inventory,0.04009963202082895,2024,2024
INTC,Intel Corporation,memory,0.038654315656547665,2024,2024
INTC,Intel Corporation,server,0.08389973827796597,2024,2024
INTU,Intuit Inc.,ai,0.1742902671528931,2024,2024
INTU,Intuit Inc.,consumer,0.09394945944368073,2024,2024
INTU,Intuit Inc.,credit,0.2000586167629191,2024,2024
INTU,Intuit Inc.,online,0.15292704571945162,2024,2024
INTU,Intuit Inc.,payments,0.10759428380593292,2024,2024
INTU,Intuit Inc.,platform,0.2502406341792454,2024,2024
INTU,Intuit Inc.,revenue growth,0.09974613778991785,2024,2024
INVH,Invitation Homes Inc.,affo,0.10834768179518188,2024,2024
INVH,Invitation Homes Inc.,ffo,0.08842500282862469,2024,2024
INVH,Invitation Homes Inc.,lease,0.29735045371759133,2024,2024
INVH,Invitation Homes Inc.,leasing,0.16448950761175857,2024,2024
INVH,Invitation Homes Inc.,new lease,0.19638017325376717,2024,2024
INVH,Invitation Homes Inc.,noi,0.11291133647982173,2024,2024
INVH,Invitation Homes Inc.,occupancy,0.2556698051644515,2024,2024
INVH,Invitation Homes Inc.,property,0.06786379584009473,2024,2024
INVH,Invitation Homes Inc.,rent,0.18229578292102283,2024,2024
INVH,Invitation Homes Inc.,rent growth,0.14876150257081977,2024,2024
INVH,Invitation Homes Inc.,store,0.12721559596735288,2024,2024
INVH,Invitation Homes Inc.,supply,0.10436245436283705,2024,2024
IP,International Paper Company,capacity,0.07738602307573773,2024,2024
IP,International Paper Company,price mix,0.08445372384767659,2024,2024
IP,International Paper Company,productivity,0.10684765819394576,2024,2024
IPG,"The Interpublic Group of Companies, Inc.",ai,0.08069511515395045,2024,2024
IPG,"The Interpublic Group of Companies, Inc.",client,0.2310826570897102,2024,2024
IPG,"The Interpublic Group of Companies, Inc.",clients,0.396156392998427,2024,2024
IPG,"The Interpublic Group of Companies, Inc.",commerce,0.09469409794952194,2024,2024
IPG,"The Interpublic Group of Companies, Inc.",health,0.08489696215774817,2024,2024
IPG,"The Interpublic Group of Companies, Inc.",health care,0.07189370932844201,2024,2024
IPG,"The Interpublic Group of Companies, Inc.",healthcare,0.06921243465153254,2024,2024
IPG,"The Interpublic Group of Companies, Inc.",losses,0.07204604648899601,2024,2024
IPG,"The Interpublic Group of Companies, Inc.",marketing,0.07981232415935878,2024,2024
IPG,"The Interpublic Group of Companies, Inc.",net revenue,0.2585226191486653,2024,2024
IPG,"The Interpublic Group of Companies, Inc.",organic growth,0.08229933415151314,2024,2024
IPG,"The Interpublic Group of Companies, Inc.",platform,0.0641751906668121,2024,2024
IPG,"The Interpublic Group of Companies, Inc.",production,0.06680709467946581,2024,2024
IPG,"The Interpublic Group of Companies, Inc.",retail,0.08532135722257889,2024,2024
IQV,IQVIA Holdings Inc.,adjusted ebitda,0.10543284100794767,2024,2024
IQV,IQVIA Holdings Inc.,ai,0.11087373093263612,2024,2024
IQV,IQVIA Holdings Inc.,analytics,0.09193213075031775,2024,2024
IQV,IQVIA Holdings Inc.,backlog,0.09549023011613819,2024,2024
IQV,IQVIA Holdings Inc.,biotech,0.1567016476923267,2024,2024
IQV,IQVIA Holdings Inc.,bookings,0.13396559881686393,2024,2024
IQV,IQVIA Holdings Inc.,client,0.17459182625670072,2024,2024
IQV,IQVIA Holdings Inc.,clients,0.21812316549212415,2024,2024
IQV,IQVIA Holdings Inc.,clinical,0.08601981955000831,2024,2024
IQV,IQVIA Holdings Inc.,diluted earnings,0.08077873409124618,2024,2024
IQV,IQVIA Holdings Inc.,ebitda,0.0972853479312988,2024,2024
IQV,IQVIA Holdings Inc.,pharma,0.3473745788873751,2024,2024
IQV,IQVIA Holdings Inc.,trial,0.08110146703518922,2024,2024
IQV,IQVIA Holdings Inc.,trials,0.15397919947684066,2024,2024
IR,Ingersoll Rand Inc.,adjusted ebitda,0.16981229753489796,2024,2024
IR,Ingersoll Rand Inc.,aerospace,0.07815865705456776,2024,2024
IR,Ingersoll Rand Inc.,ebitda,0.18294590293172144,2024,2024
IR,Ingersoll Rand Inc.,ebitda margin,0.11335549859966441,2024,2024
IR,Ingersoll Rand Inc.,life science,0.10019482261129244,2024,2024
IR,Ingersoll Rand Inc.,life sciences,0.10078050439857696,2024,2024
IR,Ingersoll Rand Inc.,orders,0.308605310733416,2024,2024
IRM,Iron Mountain Incorporated,adjusted ebitda,0.1677758567809536,2024,2024
IRM,Iron Mountain Incorporated,affo,0.3008613478090989,2024,2024
IRM,Iron Mountain Incorporated,clients,0.07396594078989611,2024,2024
IRM,Iron Mountain Incorporated,data center,0.42024176802914465,2024,2024
IRM,Iron Mountain Incorporated,data centers,0.07330922546881088,2024,2024
IRM,Iron Mountain Incorporated,digital,0.13639602719732533,2024,2024
IRM,Iron Mountain Incorporated,ebitda,0.17484503318779668,2024,2024
IRM,Iron Mountain Incorporated,ebitda margin,0.07201888567680752,2024,2024
IRM,Iron Mountain Incorporated,leasing,0.13841113623421933,2024,2024
IRM,Iron Mountain Incorporated,megawatts,0.2410114612025,2024,2024
IRM,Iron Mountain Incorporated,revenue growth,0.06663926902646704,2024,2024
IRM,Iron Mountain Incorporated,service revenue,0.09390998155754168,2024,2024
ISRG,"Intuitive Surgical, Inc.",clinical,0.09597255375088712,2024,2024
ISRG,"Intuitive Surgical, Inc.",gross,0.05482687129984787,2024,2024
ISRG,"Intuitive Surgical, Inc.",patient,0.04884179711083225,2024,2024
ISRG,"Intuitive Surgical, Inc.",patients,0.12271073171289387,2024,2024
ISRG,"Intuitive Surgical, Inc.",software,0.04897853916026727,2024,2024
ISRG,"Intuitive Surgical, Inc.",utilization,0.07955550365021433,2024,2024
IT,"Gartner, Inc.",ai,0.0933729517970902,2024,2024
IT,"Gartner, Inc.",cash flow,0.10199196403916301,2024,2024
IT,"Gartner, Inc.",client,0.07954104636043265,2024,2024
IT,"Gartner, Inc.",clients,0.29604720682968544,2024,2024
IT,"Gartner, Inc.",ebitda,0.15240388718104717,2024,2024
IT,"Gartner, Inc.",free cash,0.11038466507947585,2024,2024
IT,"Gartner, Inc.",new business,0.1388413632965143,2024,2024
IT,"Gartner, Inc.",retention,0.0872097481696871,2024,2024
IT,"Gartner, Inc.",subscription,0.15853865111875376,2024,2024
ITW,Illinois Tool Works Inc.,auto,0.12656376900566624,2024,2024
ITW,Illinois Tool Works Inc.,automotive,0.2058740503404162,2024,2024
ITW,Illinois Tool Works Inc.,equipment,0.12484353583279917,2024,2024
ITW,Illinois Tool Works Inc.,food,0.10636528010853201,2024,2024
ITW,Illinois Tool Works Inc.,operating margin,0.12527650663326995,2024,2024
ITW,Illinois Tool Works Inc.,organic growth,0.17330174623238417,2024,2024
ITW,Illinois Tool Works Inc.,organic revenue,0.1486546753527741,2024,2024
IVZ,Invesco Ltd.,aum,0.3031058792962966,2024,2024
IVZ,Invesco Ltd.,client,0.130975723491644,2024,2024
IVZ,Invesco Ltd.,equities,0.12908212947737085,2024,2024
IVZ,Invesco Ltd.,equity,0.12013074705408164,2024,2024
IVZ,Invesco Ltd.,etf,0.3447836083654044,2024,2024
IVZ,Invesco Ltd.,etfs,0.21745802687595492,2024,2024
IVZ,Invesco Ltd.,fixed income,0.31928394964144324,2024,2024
IVZ,Invesco Ltd.,net revenue,0.15922166053370054,2024,2024
IVZ,Invesco Ltd.,real estate,0.0923461093519048,2024,2024
J,Jacobs Solutions Inc.,adjusted net,0.11291369212830954,2024,2024
J,Jacobs Solutions Inc.,backlog,0.26035189382928176,2024,2024
J,Jacobs Solutions Inc.,clients,0.12704955433185916,2024,2024
J,Jacobs Solutions Inc.,infrastructure,0.0898362884955252,2024,2024
J,Jacobs Solutions Inc.,life sciences,0.17816942703490862,2024,2024
J,Jacobs Solutions Inc.,net revenue,0.11760232488177758,2024,2024
J,Jacobs Solutions Inc.,operating profit,0.09093353941597337,2024,2024
J,Jacobs Solutions Inc.,profit,0.09250863148995216,2024,2024
J,Jacobs Solutions Inc.,transportation,0.08293116966385947,2024,2024
JBHT,"J.B. Hunt Transport Services, Inc.",capacity,0.16166107407017102,2024,2024
JBHT,"J.B. Hunt Transport Services, Inc.",freight,0.13600183676402328,2024,2024
JBHT,"J.B. Hunt Transport Services, Inc.",network,0.07850451698049539,2024,2024
JBHT,"J.B. Hunt Transport Services, Inc.",truck,0.06421558345010013,2024,2024
JBHT,"J.B. Hunt Transport Services, Inc.",trucks,0.07879721693162513,2024,2024
JBHT,"J.B. Hunt Transport Services, Inc.",volumes,0.08028696400654974,2024,2024
JBL,Jabil Inc.,ai,0.19835365458492588,2024,2024
JBL,Jabil Inc.,automotive,0.12343866238338694,2024,2024
JBL,Jabil Inc.,cash flow,0.08319865348349866,2024,2024
JBL,Jabil Inc.,cloud,0.11733275995015933,2024,2024
JBL,Jabil Inc.,data center,0.11452334829622295,2024,2024
JBL,Jabil Inc.,ev,0.09177469231433123,2024,2024
JBL,Jabil Inc.,evs,0.08535760588850286,2024,2024
JBL,Jabil Inc.,free cash,0.08933025109977004,2024,2024
JBL,Jabil Inc.,healthcare,0.10636605732522714,2024,2024
JBL,Jabil Inc.,inventory,0.10286405475133964,2024,2024
JBL,Jabil Inc.,manufacturing,0.07619405676011698,2024,2024
JBL,Jabil Inc.,networking,0.18915919734334397,2024,2024
JCI,Johnson Controls International plc,backlog,0.23950833135357885,2024,2024
JCI,Johnson Controls International plc,cyber,0.08152631090310813,2024,2024
JCI,Johnson Controls International plc,data center,0.15301261785088355,2024,2024
JCI,Johnson Controls International plc,hvac,0.1878583127907696,2024,2024
JCI,Johnson Controls International plc,orders,0.1472548038580728,2024,2024
JCI,Johnson Controls International plc,residential,0.12096437213795629,2024,2024
JKHY,"Jack Henry & Associates, Inc.",banking,0.09208594078885633,2024,2024
JKHY,"Jack Henry & Associates, Inc.",client,0.07287579748586287,2024,2024
JKHY,"Jack Henry & Associates, Inc.",clients,0.2438239245372594,2024,2024
JKHY,"Jack Henry & Associates, Inc.",cloud,0.11570846388917001,2024,2024
JKHY,"Jack Henry & Associates, Inc.",credit,0.05797649325214866,2024,2024
JKHY,"Jack Henry & Associates, Inc.",digital,0.062492729228483174,2024,2024
JKHY,"Jack Henry & Associates, Inc.",payment,0.06426860768722908,2024,2024
JKHY,"Jack Henry & Associates, Inc.",payments,0.08780786269910568,2024,2024
JKHY,"Jack Henry & Associates, Inc.",platform,0.070576641639397,2024,2024
JKHY,"Jack Henry & Associates, Inc.",revenue increased,0.08362503718679877,2024,2024
JNJ,Johnson & Johnson,disease,0.14377038679655849,2024,2024
JNJ,Johnson & Johnson,market growth,0.07084015331378046,2024,2024
JNJ,Johnson & Johnson,oncology,0.0936697824250292,2024,2024
JNJ,Johnson & Johnson,patient,0.09811893373951049,2024,2024
JNJ,Johnson & Johnson,patients,0.2939922203055857,2024,2024
JNJ,Johnson & Johnson,sales growth,0.11460530697888334,2024,2024
JNJ,Johnson & Johnson,therapy,0.09466093481304796,2024,2024
JPM,JPMorgan Chase & Co.,banking,0.15116498374993234,2024,2024
JPM,JPMorgan Chase & Co.,charge offs,0.0728204195990815,2024,2024
JPM,JPMorgan Chase & Co.,client,0.09322632903478334,2024,2024
JPM,JPMorgan Chase & Co.,clients,0.08139108417283787,2024,2024
JPM,JPMorgan Chase & Co.,credit,0.10542878199372073,2024,2024
JPM,JPMorgan Chase & Co.,deposit,0.3235163364760121,2024,2024
JPM,JPMorgan Chase & Co.,deposits,0.16607369592665766,2024,2024
JPM,JPMorgan Chase & Co.,loan,0.10092494437431897,2024,2024
JPM,JPMorgan Chase & Co.,loan growth,0.09499912121787085,2024,2024
JPM,JPMorgan Chase & Co.,loans,0.07727436584502563,2024,2024
JPM,JPMorgan Chase & Co.,net charge,0.0728204195990815,2024,2024
K,Kellanova,gross,0.09859068081225686,2024,2024
K,Kellanova,gross profit,0.0908121078911272,2024,2024
K,Kellanova,merchandising,0.11464387810772692,2024,2024
K,Kellanova,net sales,0.34156379770956036,2024,2024
K,Kellanova,operating profit,0.24608494041907242,2024,2024
K,Kellanova,organic net,0.2161943096636748,2024,2024
K,Kellanova,price mix,0.11327379996056958,2024,2024
K,Kellanova,profit,0.24662427239603815,2024,2024
K,Kellanova,profit margin,0.07804433221698107,2024,2024
K,Kellanova,sales growth,0.12418977370369584,2024,2024
K,Kellanova,snacks,0.2849676433880396,2024,2024
KDP,Keurig Dr Pepper Inc.,beverage,0.09707302587905459,2024,2024
KDP,Keurig Dr Pepper Inc.,categories,0.05454359807952037,2024,2024
KDP,Keurig Dr Pepper Inc.,category,0.1773458083454253,2024,2024
KDP,Keurig Dr Pepper Inc.,consumer,0.07304808178239529,2024,2024
KDP,Keurig Dr Pepper Inc.,consumers,0.060634412116117406,2024,2024
KDP,Keurig Dr Pepper Inc.,distribution,0.06663303356656372,2024,2024
KDP,Keurig Dr Pepper Inc.,energy,0.12352111992577748,2024,2024
KDP,Keurig Dr Pepper Inc.,inflation,0.06493154601082926,2024,2024
KDP,Keurig Dr Pepper Inc.,market share,0.060188733392038445,2024,2024
KDP,Keurig Dr Pepper Inc.,net sales,0.13160905464722034,2024,2024
KDP,Keurig Dr Pepper Inc.,productivity,0.07038617761273246,2024,2024
KEY,KeyCorp,banking,0.14222275884632318,2024,2024
KEY,KeyCorp,cet1,0.108465846329774,2024,2024
KEY,KeyCorp,charge offs,0.07847376474787529,2024,2024
KEY,KeyCorp,client,0.09718073493497838,2024,2024
KEY,KeyCorp,clients,0.18821492240232066,2024,2024
KEY,KeyCorp,credit,0.08790920186164591,2024,2024
KEY,KeyCorp,deposit,0.28070021024314823,2024,2024
KEY,KeyCorp,deposits,0.23511307882380011,2024,2024
KEY,KeyCorp,loan,0.3566177477096602,2024,2024
KEY,KeyCorp,loan growth,0.22954511885206663,2024,2024
KEY,KeyCorp,loans,0.3358930646470833,2024,2024
KEY,KeyCorp,net income,0.08732344715459167,2024,2024
KEYS,"Keysight Technologies, Inc.",aerospace,0.2655190499878344,2024,2024
KEYS,"Keysight Technologies, Inc.",ai,0.19610389510799328,2024,2024
KEYS,"Keysight Technologies, Inc.",automotive,0.1104158770565629,2024,2024
KEYS,"Keysight Technologies, Inc.",backlog,0.07327714601054171,2024,2024
KEYS,"Keysight Technologies, Inc.",ev,0.0945143424970289,2024,2024
KEYS,"Keysight Technologies, Inc.",gross,0.0791906377455737,2024,2024
KEYS,"Keysight Technologies, Inc.",gross margin,0.07723669295069387,2024,2024
KEYS,"Keysight Technologies, Inc.",manufacturing,0.11197680606176073,2024,2024
KEYS,"Keysight Technologies, Inc.",operating margin,0.08585288287434804,2024,2024
KEYS,"Keysight Technologies, Inc.",orders,0.27579212750949167,2024,2024
KEYS,"Keysight Technologies, Inc.",semiconductor,0.08637189003751694,2024,2024
KEYS,"Keysight Technologies, Inc.",software,0.16648170401158996,2024,2024
KHC,The Kraft Heinz Company,categories,0.11263401053967656,2024,2024
KHC,The Kraft Heinz Company,category,0.07491395188544053,2024,2024
KHC,The Kraft Heinz Company,consumer,0.11231172986463021,2024,2024
KHC,The Kraft Heinz Company,consumers,0.23206530630730662,2024,2024
KHC,The Kraft Heinz Company,gross,0.10517235531495624,2024,2024
KHC,The Kraft Heinz Company,gross margin,0.12924744746949463,2024,2024
KHC,The Kraft Heinz Company,marketing,0.21294483840125739,2024,2024
KHC,The Kraft Heinz Company,retail,0.13279193796314315,2024,2024
KIM,Kimco Realty Corporation,credit,0.09225118152512318,2024,2024
KIM,Kimco Realty Corporation,ffo,0.11493585439650711,2024,2024
KIM,Kimco Realty Corporation,grocery,0.2102555061917151,2024,2024
KIM,Kimco Realty Corporation,lease,0.11263702704360357,2024,2024
KIM,Kimco Realty Corporation,leases,0.17970245641207144,2024,2024
KIM,Kimco Realty Corporation,leasing,0.23257699271876314,2024,2024
KIM,Kimco Realty Corporation,noi,0.3251601861473412,2024,2024
KIM,Kimco Realty Corporation,occupancy,0.1965937769091678,2024,2024
KIM,Kimco Realty Corporation,rent,0.2058522009434461,2024,2024
KIM,Kimco Realty Corporation,rents,0.14774711245904304,2024,2024
KIM,Kimco Realty Corporation,retail,0.10115876032842759,2024,2024
KIM,Kimco Realty Corporation,retailers,0.18705301928759552,2024,2024
KIM,Kimco Realty Corporation,tenant,0.09476792576200069,2024,2024
KIM,Kimco Realty Corporation,tenants,0.16372826427257975,2024,2024
KKR,KKR & Co. Inc.,aum,0.13645156667202615,2024,2024
KKR,KKR & Co. Inc.,capital markets,0.14664665666970295,2024,2024
KKR,KKR & Co. Inc.,credit,0.1415289826402818,2024,2024
KKR,KKR & Co. Inc.,equity,0.22453554224422786,2024,2024
KKR,KKR & Co. Inc.,funds,0.08323401885082277,2024,2024
KKR,KKR & Co. Inc.,infrastructure,0.1254279022341556,2024,2024
KKR,KKR & Co. Inc.,operating earnings,0.15121464039834148,2024,2024
KKR,KKR & Co. Inc.,private equity,0.34079338380169416,2024,2024
KKR,KKR & Co. Inc.,real estate,0.15894758986235116,2024,2024
KLAC,KLA Corporation,capacity,0.08289584620081529,2024,2024
KLAC,KLA Corporation,dram,0.3288129322061221,2024,2024
KLAC,KLA Corporation,foundry,0.24321855189746058,2024,2024
KLAC,KLA Corporation,hbm,0.10034642985748017,2024,2024
KLAC,KLA Corporation,memory,0.29714827692397094,2024,2024
KLAC,KLA Corporation,semiconductor,0.09661544206923973,2024,2024
KLAC,KLA Corporation,utilization,0.07916392637470024,2024,2024
KMB,Kimberly-Clark Corporation,advertising,0.09605511142089165,2024,2024
KMB,Kimberly-Clark Corporation,categories,0.21972117150822681,2024,2024
KMB,Kimberly-Clark Corporation,category,0.16375022121007385,2024,2024
KMB,Kimberly-Clark Corporation,consumer,0.11447582153521377,2024,2024
KMB,Kimberly-Clark Corporation,inventory,0.1077686823148175,2024,2024
KMB,Kimberly-Clark Corporation,productivity,0.16867040246141699,2024,2024
KMB,Kimberly-Clark Corporation,supply,0.10040688135333356,2024,2024
KMI,"Kinder Morgan, Inc.",backlog,0.14207126765770842,2024,2024
KMI,"Kinder Morgan, Inc.",capacity,0.07637934718296342,2024,2024
KMI,"Kinder Morgan, Inc.",crude,0.060116681964023075,2024,2024
KMI,"Kinder Morgan, Inc.",data centers,0.07510092582975296,2024,2024
KMI,"Kinder Morgan, Inc.",gas,0.43676909405385833,2024,2024
KMI,"Kinder Morgan, Inc.",lng,0.19213919271789465,2024,2024
KMI,"Kinder Morgan, Inc.",midstream,0.08941532999228534,2024,2024
KMI,"Kinder Morgan, Inc.",natural gas,0.39770733467069463,2024,2024
KMI,"Kinder Morgan, Inc.",oil,0.06456706805433407,2024,2024
KMI,"Kinder Morgan, Inc.",power,0.14521333539680586,2024,2024
KMI,"Kinder Morgan, Inc.",volumes,0.17260363956324262,2024,2024
KMX,"CarMax, Inc.",consumers,0.11047975640285576,2024,2024
KMX,"CarMax, Inc.",credit,0.10259916816979181,2024,2024
KMX,"CarMax, Inc.",gross profit,0.1553119733102486,2024,2024
KMX,"CarMax, Inc.",market share,0.0963355494771795,2024,2024
KMX,"CarMax, Inc.",profit,0.11191325108475118,2024,2024
KMX,"CarMax, Inc.",retail,0.13192262997674747,2024,2024
KMX,"CarMax, Inc.",stores,0.10631459468289131,2024,2024
KMX,"CarMax, Inc.",vehicle,0.12847234154711254,2024,2024
KMX,"CarMax, Inc.",vehicles,0.25107367883036336,2024,2024
KO,The Coca-Cola Company,beverage,0.21324966247420754,2024,2024
KO,The Coca-Cola Company,category,0.08084662131654212,2024,2024
KO,The Coca-Cola Company,consumer,0.11211559249447381,2024,2024
KO,The Coca-Cola Company,inflation,0.10760044467088635,2024,2024
KO,The Coca-Cola Company,marketing,0.15639752224499734,2024,2024
KO,The Coca-Cola Company,price mix,0.2781974152973678,2024,2024
KO,The Coca-Cola Company,volume growth,0.12217376522097764,2024,2024
KR,The Kroger Co.,customer experience,0.09907486921002899,2024,2024
KR,The Kroger Co.,digital,0.09352662029112765,2024,2024
KR,The Kroger Co.,food,0.10523786577186989,2024,2024
KR,The Kroger Co.,grocery,0.0866823497802528,2024,2024
KR,The Kroger Co.,gross,0.07548467489357842,2024,2024
KR,The Kroger Co.,gross margin,0.09514249763899411,2024,2024
KR,The Kroger Co.,inflation,0.14292743349555823,2024,2024
KR,The Kroger Co.,loyalty,0.08318695644525481,2024,2024
KR,The Kroger Co.,operating profit,0.09803537693229908,2024,2024
KR,The Kroger Co.,profit,0.1459514377341092,2024,2024
KR,The Kroger Co.,store,0.13649095041720527,2024,2024
KR,The Kroger Co.,stores,0.15592787969729613,2024,2024
KVUE,Kenvue Inc.,adjusted gross,0.08885439587148536,2024,2024
KVUE,Kenvue Inc.,categories,0.09083733013847821,2024,2024
KVUE,Kenvue Inc.,category,0.08638184013865965,2024,2024
KVUE,Kenvue Inc.,consumer,0.09727226901837656,2024,2024
KVUE,Kenvue Inc.,consumers,0.1614285077743276,2024,2024
KVUE,Kenvue Inc.,gross,0.12787482328513888,2024,2024
KVUE,Kenvue Inc.,gross margin,0.12198606664525714,2024,2024
KVUE,Kenvue Inc.,health,0.26947709745711207,2024,2024
KVUE,Kenvue Inc.,organic sales,0.17431071061189024,2024,2024
KVUE,Kenvue Inc.,sales growth,0.08106997974839417,2024,2024
KVUE,Kenvue Inc.,store,0.09882386824565212,2024,2024
L,Loews Corporation,food,0.16232866367237053,2024,2024
L,Loews Corporation,gross,0.05729320463825736,2024,2024
L,Loews Corporation,gross margin,0.048142386470815784,2024,2024
L,Loews Corporation,hotels,0.04875388711647604,2024,2024
L,Loews Corporation,inflation,0.057173240539695726,2024,2024
L,Loews Corporation,retail,0.10069181596988576,2024,2024
L,Loews Corporation,store,0.3107917188971732,2024,2024
L,Loews Corporation,store sales,0.17769433444617577,2024,2024
L,Loews Corporation,stores,0.6605578915857162,2024,2024
LDOS,"Leidos Holdings, Inc.",adjusted ebitda,0.08592785136188479,2024,2024
LDOS,"Leidos Holdings, Inc.",backlog,0.09944256409748443,2024,2024
LDOS,"Leidos Holdings, Inc.",digital,0.10226200943322553,2024,2024
LDOS,"Leidos Holdings, Inc.",diluted eps,0.0784204688839204,2024,2024
LDOS,"Leidos Holdings, Inc.",ebitda,0.0951451654358786,2024,2024
LDOS,"Leidos Holdings, Inc.",health,0.18483487231511694,2024,2024
LDOS,"Leidos Holdings, Inc.",profitability,0.08692644875931207,2024,2024
LEN,Lennar Corporation,balance sheet,0.10151410745945048,2024,2024
LEN,Lennar Corporation,cash flow,0.07863434125288217,2024,2024
LEN,Lennar Corporation,construction,0.07164735234555032,2024,2024
LEN,Lennar Corporation,debt,0.09270098465409699,2024,2024
LEN,Lennar Corporation,inventory,0.11110958919650266,2024,2024
LEN,Lennar Corporation,market conditions,0.08544176186893758,2024,2024
LEN,Lennar Corporation,mortgage,0.09414155371052652,2024,2024
LEN,Lennar Corporation,multifamily,0.08249458616234823,2024,2024
LEN,Lennar Corporation,production,0.17523536120515001,2024,2024
LEN,Lennar Corporation,supply,0.0825873016900748,2024,2024
LH,Labcorp Holdings Inc.,base business,0.1562399961275058,2024,2024
LH,Labcorp Holdings Inc.,cash flow,0.07271381275853953,2024,2024
LH,Labcorp Holdings Inc.,diagnostic,0.08319015851883982,2024,2024
LH,Labcorp Holdings Inc.,diagnostics,0.4653620085275601,2024,2024
LH,Labcorp Holdings Inc.,health,0.0818468018067926,2024,2024
LH,Labcorp Holdings Inc.,oncology,0.14991204716922685,2024,2024
LH,Labcorp Holdings Inc.,patients,0.08930841566137694,2024,2024
LHX,"L3Harris Technologies, Inc.",backlog,0.07477139378980939,2024,2024
LHX,"L3Harris Technologies, Inc.",cash flow,0.08243353109237028,2024,2024
LHX,"L3Harris Technologies, Inc.",cost savings,0.10519790908999702,2024,2024
LHX,"L3Harris Technologies, Inc.",free cash,0.09312192334326212,2024,2024
LHX,"L3Harris Technologies, Inc.",software,0.10358326461936293,2024,2024
LHX,"L3Harris Technologies, Inc.",supply,0.07083611786251438,2024,2024
LHX,"L3Harris Technologies, Inc.",supply chain,0.07499066311889692,2024,2024
LII,Lennox International Inc.,distribution,0.09035732666449578,2024,2024
LII,Lennox International Inc.,factory,0.23839999423214606,2024,2024
LII,Lennox International Inc.,hvac,0.12273721192491696,2024,2024
LII,Lennox International Inc.,inventory,0.1357336679896671,2024,2024
LII,Lennox International Inc.,price mix,0.12434986950907301,2024,2024
LII,Lennox International Inc.,profit,0.09417027353849983,2024,2024
LIN,Linde plc,backlog,0.2628895149270375,2024,2024
LIN,Linde plc,capital allocation,0.06904486909125511,2024,2024
LIN,Linde plc,economic,0.06791822518632562,2024,2024
LIN,Linde plc,energy,0.08009204814585592,2024,2024
LIN,Linde plc,eps,0.11350526973106123,2024,2024
LIN,Linde plc,gas,0.19664236445217462,2024,2024
LIN,Linde plc,industrial,0.20071165435732627,2024,2024
LIN,Linde plc,network,0.08365997639889071,2024,2024
LIN,Linde plc,productivity,0.06859964632845889,2024,2024
LIN,Linde plc,volumes,0.0951897903871699,2024,2024
LKQ,LKQ Corporation,ebitda,0.19727978204194074,2024,2024
LKQ,LKQ Corporation,ebitda margin,0.1318340592334692,2024,2024
LKQ,LKQ Corporation,ebitda margins,0.0785944981963438,2024,2024
LKQ,LKQ Corporation,gross margin,0.07731171017339335,2024,2024
LKQ,LKQ Corporation,organic revenue,0.1276879995281606,2024,2024
LKQ,LKQ Corporation,prices,0.08015446510374089,2024,2024
LKQ,LKQ Corporation,vehicle,0.12472286522083698,2024,2024
LLY,Eli Lilly and Company,clinical,0.0921050358049001,2024,2024
LLY,Eli Lilly and Company,disease,0.15025078874913156,2024,2024
LLY,Eli Lilly and Company,medicines,0.17571879058928563,2024,2024
LLY,Eli Lilly and Company,patients,0.30148022840509436,2024,2024
LLY,Eli Lilly and Company,supply,0.08418809924371257,2024,2024
LLY,Eli Lilly and Company,trial,0.13199489858915966,2024,2024
LLY,Eli Lilly and Company,trials,0.1281290970721651,2024,2024
LMT,Lockheed Martin Corporation,aircraft,0.4704487921143208,2024,2024
LMT,Lockheed Martin Corporation,backlog,0.11020420765257566,2024,2024
LMT,Lockheed Martin Corporation,cash flow,0.08500008281701738,2024,2024
LMT,Lockheed Martin Corporation,free cash,0.07276405734691321,2024,2024
LMT,Lockheed Martin Corporation,operating profit,0.13942603001207102,2024,2024
LMT,Lockheed Martin Corporation,production,0.1536995463046813,2024,2024
LMT,Lockheed Martin Corporation,profit,0.16219603667484786,2024,2024
LNT,Alliant Energy Corporation,clean energy,0.0834459397485161,2024,2024
LNT,Alliant Energy Corporation,data center,0.09834092656273379,2024,2024
LNT,Alliant Energy Corporation,data centers,0.1104925040339417,2024,2024
LNT,Alliant Energy Corporation,economic,0.14400433841014887,2024,2024
LNT,Alliant Energy Corporation,energy,0.3293845135139451,2024,2024
LNT,Alliant Energy Corporation,gas,0.10788142980698655,2024,2024
LNT,Alliant Energy Corporation,gigawatts,0.0871028919964505,2024,2024
LNT,Alliant Energy Corporation,regulatory,0.0928956287354463,2024,2024
LOW,"Lowe's Companies, Inc.",categories,0.08369871664191747,2024,2024
LOW,"Lowe's Companies, Inc.",gross margin,0.0625536220042681,2024,2024
LOW,"Lowe's Companies, Inc.",loyalty,0.13902304997671416,2024,2024
LOW,"Lowe's Companies, Inc.",merchandising,0.08817243580029026,2024,2024
LOW,"Lowe's Companies, Inc.",online,0.08752665293733573,2024,2024
LOW,"Lowe's Companies, Inc.",store,0.1158562889643623,2024,2024
LOW,"Lowe's Companies, Inc.",stores,0.11542565322687143,2024,2024
LRCX,Lam Research Corporation,dram,0.4237060535535496,2024,2024
LRCX,Lam Research Corporation,equipment,0.06612830164991795,2024,2024
LRCX,Lam Research Corporation,foundry,0.15118094651840727,2024,2024
LRCX,Lam Research Corporation,gross margin,0.07712340518257416,2024,2024
LRCX,Lam Research Corporation,hbm,0.259491051455415,2024,2024
LRCX,Lam Research Corporation,installed base,0.09070915005254102,2024,2024
LRCX,Lam Research Corporation,memory,0.2254632421846093,2024,2024
LRCX,Lam Research Corporation,utilization,0.06886081022191937,2024,2024
LULU,lululemon athletica inc.,gross,0.06735229393366766,2024,2024
LULU,lululemon athletica inc.,gross margin,0.07435599610462466,2024,2024
LULU,lululemon athletica inc.,inventory,0.08128023861030399,2024,2024
LULU,lululemon athletica inc.,net revenue,0.07998540982342915,2024,2024
LULU,lululemon athletica inc.,revenue increased,0.06209568199205864,2024,2024
LULU,lululemon athletica inc.,store,0.12935230722288338,2024,2024
LULU,lululemon athletica inc.,stores,0.16645902991223097,2024,2024
LULU,lululemon athletica inc.,traffic,0.06442327085198199,2024,2024
LUV,Southwest Airlines Co.,aircraft,0.4591770745489597,2024,2024
LUV,Southwest Airlines Co.,capacity,0.09541067003097616,2024,2024
LUV,Southwest Airlines Co.,ebit,0.04974317299644858,2024,2024
LUV,Southwest Airlines Co.,network,0.06538741749592125,2024,2024
LUV,Southwest Airlines Co.,travel,0.056444242972506616,2024,2024
LVS,Las Vegas Sands Corp.,ebitda,0.18630016257580592,2024,2024
LVS,Las Vegas Sands Corp.,hotel,0.10908147097661694,2024,2024
LVS,Las Vegas Sands Corp.,online,0.07360999366992231,2024,2024
LVS,Las Vegas Sands Corp.,properties,0.07652222659106026,2024,2024
LVS,Las Vegas Sands Corp.,property,0.07714093964557997,2024,2024
LW,"Lamb Weston Holdings, Inc.",adjusted ebitda,0.08623745014273418,2024,2024
LW,"Lamb Weston Holdings, Inc.",capacity,0.0771569627780259,2024,2024
LW,"Lamb Weston Holdings, Inc.",ebitda,0.0872359271180805,2024,2024
LW,"Lamb Weston Holdings, Inc.",inflation,0.0802203636736513,2024,2024
LW,"Lamb Weston Holdings, Inc.",price mix,0.17952238086171424,2024,2024
LW,"Lamb Weston Holdings, Inc.",pricing actions,0.17066589100041654,2024,2024
LW,"Lamb Weston Holdings, Inc.",restaurant,0.33665300380094404,2024,2024
LW,"Lamb Weston Holdings, Inc.",traffic,0.33611301935616594,2024,2024
LW,"Lamb Weston Holdings, Inc.",volumes,0.06174427571262633,2024,2024
LYB,LyondellBasell Industries N.V.,capacity,0.1406832859082038,2024,2024
LYB,LyondellBasell Industries N.V.,crude,0.10099831295532515,2024,2024
LYB,LyondellBasell Industries N.V.,ebitda,0.2475145295117088,2024,2024
LYB,LyondellBasell Industries N.V.,volumes,0.08528843573720389,2024,2024
LYV,"Live Nation Entertainment, Inc.",capex,0.19217184338040777,2024,2024
LYV,"Live Nation Entertainment, Inc.",consumer,0.06559033582460902,2024,2024
LYV,"Live Nation Entertainment, Inc.",inventory,0.06573110063826296,2024,2024
MA,Mastercard Incorporated,consumer,0.11799501697112354,2024,2024
MA,Mastercard Incorporated,consumers,0.07558449833592137,2024,2024
MA,Mastercard Incorporated,net revenue,0.09723250193926956,2024,2024
MA,Mastercard Incorporated,network,0.06792468378226021,2024,2024
MA,Mastercard Incorporated,payment,0.1450322765590023,2024,2024
MA,Mastercard Incorporated,payments,0.1573562604271988,2024,2024
MA,Mastercard Incorporated,transaction,0.07922551322615932,2024,2024
MA,Mastercard Incorporated,travel,0.11671054039373095,2024,2024
MAA,"Mid-America Apartment Communities, Inc.",construction,0.08499166320939304,2024,2024
MAA,"Mid-America Apartment Communities, Inc.",ffo,0.07444218507597951,2024,2024
MAA,"Mid-America Apartment Communities, Inc.",lease,0.5526122091469137,2024,2024
MAA,"Mid-America Apartment Communities, Inc.",leases,0.0737983350752524,2024,2024
MAA,"Mid-America Apartment Communities, Inc.",leasing,0.12474350559216896,2024,2024
MAA,"Mid-America Apartment Communities, Inc.",new lease,0.45086708772669987,2024,2024
MAA,"Mid-America Apartment Communities, Inc.",noi,0.1257268339772416,2024,2024
MAA,"Mid-America Apartment Communities, Inc.",occupancy,0.18356609216159242,2024,2024
MAA,"Mid-America Apartment Communities, Inc.",properties,0.10608398432009347,2024,2024
MAA,"Mid-America Apartment Communities, Inc.",property,0.08646740464532056,2024,2024
MAA,"Mid-America Apartment Communities, Inc.",rent,0.14386701221388817,2024,2024
MAA,"Mid-America Apartment Communities, Inc.",rent growth,0.08049294760353284,2024,2024
MAA,"Mid-America Apartment Communities, Inc.",rents,0.12769805809476062,2024,2024
MAA,"Mid-America Apartment Communities, Inc.",store,0.08095903248668875,2024,2024
MAA,"Mid-America Apartment Communities, Inc.",supply,0.1716260028207346,2024,2024
MAR,"Marriott International, Inc.",construction,0.049860307994085966,2024,2024
MAR,"Marriott International, Inc.",hotel,0.0509850196094511,2024,2024
MAR,"Marriott International, Inc.",hotels,0.1355928688404393,2024,2024
MAR,"Marriott International, Inc.",luxury,0.081422718544589,2024,2024
MAR,"Marriott International, Inc.",occupancy,0.052606664784878895,2024,2024
MAR,"Marriott International, Inc.",revpar,0.7915676498851297,2024,2024
MAR,"Marriott International, Inc.",travel,0.10313955317698521,2024,2024
MAR,"Marriott International, Inc.",travelers,0.0699597697449646,2024,2024
MAS,Masco Corporation,cost savings,0.07901888938851438,2024,2024
MAS,Masco Corporation,operating margin,0.07152498893541867,2024,2024
MAS,Masco Corporation,operating profit,0.1362260462383025,2024,2024
MAS,Masco Corporation,price cost,0.08900224875500554,2024,2024
MAS,Masco Corporation,profit,0.08923564827398248,2024,2024
MAS,Masco Corporation,sales increased,0.05636039374837082,2024,2024
MCD,McDonald's Corporation,consumer,0.1683853225148892,2024,2024
MCD,McDonald's Corporation,consumers,0.14431401200282193,2024,2024
MCD,McDonald's Corporation,digital,0.0954647307323087,2024,2024
MCD,McDonald's Corporation,food,0.19855932929684755,2024,2024
MCD,McDonald's Corporation,loyalty,0.07447326211952578,2024,2024
MCD,McDonald's Corporation,marketing,0.10005338884368802,2024,2024
MCD,McDonald's Corporation,platform,0.07944176481417752,2024,2024
MCD,McDonald's Corporation,restaurant,0.21164776348493472,2024,2024
MCD,McDonald's Corporation,restaurants,0.133783391556767,2024,2024
MCD,McDonald's Corporation,traffic,0.1312729344859532,2024,2024
MCHP,Microchip Technology Incorporated,backlog,0.14618958789380881,2024,2024
MCHP,Microchip Technology Incorporated,cash flow,0.08365728317100658,2024,2024
MCHP,Microchip Technology Incorporated,free cash,0.07843499195656803,2024,2024
MCHP,Microchip Technology Incorporated,gross,0.10483939218435075,2024,2024
MCHP,Microchip Technology Incorporated,gross margins,0.07573543891002006,2024,2024
MCHP,Microchip Technology Incorporated,inventory,0.3558730698965532,2024,2024
MCHP,Microchip Technology Incorporated,net sales,0.17811368925896326,2024,2024
MCHP,Microchip Technology Incorporated,supply,0.07297075654073021,2024,2024
MCHP,Microchip Technology Incorporated,utilization,0.0982313774390732,2024,2024
MCK,McKesson Corporation,distribution,0.142669315918313,2024,2024
MCK,McKesson Corporation,medical,0.09008085900791298,2024,2024
MCK,McKesson Corporation,network,0.07226700031388461,2024,2024
MCK,McKesson Corporation,oncology,0.35240793580131796,2024,2024
MCK,McKesson Corporation,operating profit,0.2401584368680831,2024,2024
MCK,McKesson Corporation,patient,0.07309835607678793,2024,2024
MCK,McKesson Corporation,patients,0.07395597228331409,2024,2024
MCK,McKesson Corporation,pharmaceutical,0.19421420091299962,2024,2024
MCK,McKesson Corporation,profit,0.15923385715718819,2024,2024
MCO,Moody's Corporation,ai,0.07838128049332488,2024,2024
MCO,Moody's Corporation,banking,0.10456355965151576,2024,2024
MCO,Moody's Corporation,credit,0.11627521641464396,2024,2024
MCO,Moody's Corporation,diluted eps,0.08083879765159498,2024,2024
MCO,Moody's Corporation,private credit,0.16336487714527495,2024,2024
MCO,Moody's Corporation,recurring revenue,0.07989529166273797,2024,2024
MDLZ,"Mondelez International, Inc.",category,0.11272625253245434,2024,2024
MDLZ,"Mondelez International, Inc.",chips,0.053655528919108686,2024,2024
MDLZ,"Mondelez International, Inc.",consumer,0.0974727088572953,2024,2024
MDLZ,"Mondelez International, Inc.",consumers,0.08086249222509007,2024,2024
MDLZ,"Mondelez International, Inc.",eps,0.0618829590292419,2024,2024
MDLZ,"Mondelez International, Inc.",prices,0.07924566609746823,2024,2024
MDLZ,"Mondelez International, Inc.",profit,0.04706280846191819,2024,2024
MDLZ,"Mondelez International, Inc.",snacks,0.09093356191381068,2024,2024
MDT,Medtronic plc,patients,0.1846997644190774,2024,2024
MDT,Medtronic plc,robotics,0.09158966854192428,2024,2024
MDT,Medtronic plc,trial,0.12315501516575884,2024,2024
MET,"MetLife, Inc.",adjusted earnings,0.31549290385841616,2024,2024
MET,"MetLife, Inc.",equity,0.08066131830293058,2024,2024
MET,"MetLife, Inc.",expense ratio,0.17443278188579917,2024,2024
MET,"MetLife, Inc.",private equity,0.07617577682407609,2024,2024
MET,"MetLife, Inc.",real estate,0.13217983455142332,2024,2024
META,"Meta Platforms, Inc.",ai,0.511961329920849,2024,2024
META,"Meta Platforms, Inc.",capex,0.07566744171355871,2024,2024
META,"Meta Platforms, Inc.",compute,0.09915327888643022,2024,2024
META,"Meta Platforms, Inc.",gen ai,0.09956409120837206,2024,2024
META,"Meta Platforms, Inc.",generative ai,0.06429063535052933,2024,2024
META,"Meta Platforms, Inc.",infrastructure,0.10374668000006146,2024,2024
META,"Meta Platforms, Inc.",models,0.09922957867462928,2024,2024
META,"Meta Platforms, Inc.",servers,0.06325936369646526,2024,2024
META,"Meta Platforms, Inc.",use cases,0.07824281214731582,2024,2024
MGM,MGM Resorts International,digital,0.11356964229952289,2024,2024
MGM,MGM Resorts International,ebitda,0.05922936543411879,2024,2024
MGM,MGM Resorts International,hotel,0.056542924004862286,2024,2024
MGM,MGM Resorts International,market share,0.06624953411202716,2024,2024
MGM,MGM Resorts International,occupancy,0.04679787079620633,2024,2024
MGM,MGM Resorts International,properties,0.15866270977400654,2024,2024
MGM,MGM Resorts International,property,0.07074515231373052,2024,2024
MGM,MGM Resorts International,revenues,0.04988889333494531,2024,2024
MHK,"Mohawk Industries, Inc.",adjusted basis,0.12522592236198668,2024,2024
MHK,"Mohawk Industries, Inc.",categories,0.06908170093878226,2024,2024
MHK,"Mohawk Industries, Inc.",construction,0.0745595602241367,2024,2024
MHK,"Mohawk Industries, Inc.",consumer,0.07966588611505512,2024,2024
MHK,"Mohawk Industries, Inc.",inflation,0.08773936295737166,2024,2024
MHK,"Mohawk Industries, Inc.",operating income,0.07955308451263678,2024,2024
MHK,"Mohawk Industries, Inc.",price mix,0.3330529946128489,2024,2024
MHK,"Mohawk Industries, Inc.",productivity,0.17292724594817802,2024,2024
MHK,"Mohawk Industries, Inc.",residential,0.17432129163676874,2024,2024
MHK,"Mohawk Industries, Inc.",utilization,0.0710091049753683,2024,2024
MKC,"McCormick & Company, Incorporated",categories,0.16458923357486133,2024,2024
MKC,"McCormick & Company, Incorporated",category,0.10971045808054267,2024,2024
MKC,"McCormick & Company, Incorporated",consumer,0.3192491556063668,2024,2024
MKC,"McCormick & Company, Incorporated",consumers,0.10467801329599599,2024,2024
MKC,"McCormick & Company, Incorporated",distribution,0.0720436050946815,2024,2024
MKC,"McCormick & Company, Incorporated",food,0.0926760539583358,2024,2024
MKC,"McCormick & Company, Incorporated",gross margin,0.08164208774323994,2024,2024
MKC,"McCormick & Company, Incorporated",marketing,0.08289658943522628,2024,2024
MKC,"McCormick & Company, Incorporated",volume growth,0.17960822386482592,2024,2024
MKTX,MarketAxess Holdings Inc.,automation,0.09907110040338189,2024,2024
MKTX,MarketAxess Holdings Inc.,client,0.16282581177755695,2024,2024
MKTX,MarketAxess Holdings Inc.,clients,0.2919178672993526,2024,2024
MKTX,MarketAxess Holdings Inc.,credit,0.08618385251835708,2024,2024
MKTX,MarketAxess Holdings Inc.,etf,0.06924358801243398,2024,2024
MKTX,MarketAxess Holdings Inc.,fixed income,0.08897733016664822,2024,2024
MKTX,MarketAxess Holdings Inc.,liquidity,0.17245710070218329,2024,2024
MKTX,MarketAxess Holdings Inc.,market share,0.0904054704708574,2024,2024
MKTX,MarketAxess Holdings Inc.,platform,0.09542375475229992,2024,2024
MKTX,MarketAxess Holdings Inc.,trading,0.5651203117164846,2024,2024
MKTX,MarketAxess Holdings Inc.,volatility,0.06633897746493797,2024,2024
MLM,"Martin Marietta Materials, Inc.",construction,0.09938500806409307,2024,2024
MLM,"Martin Marietta Materials, Inc.",ebitda,0.07938112148593014,2024,2024
MLM,"Martin Marietta Materials, Inc.",gross,0.11066844695941057,2024,2024
MLM,"Martin Marietta Materials, Inc.",gross profit,0.1924772538650551,2024,2024
MLM,"Martin Marietta Materials, Inc.",inflation,0.07682554604317257,2024,2024
MLM,"Martin Marietta Materials, Inc.",infrastructure,0.11112716221911438,2024,2024
MLM,"Martin Marietta Materials, Inc.",profit,0.11164179588919952,2024,2024
MLM,"Martin Marietta Materials, Inc.",single family,0.1020798588539547,2024,2024
MMC,"Marsh & McLennan Companies, Inc.",adjusted eps,0.11483823248922152,2024,2024
MMC,"Marsh & McLennan Companies, Inc.",client,0.111898363049648,2024,2024
MMC,"Marsh & McLennan Companies, Inc.",clients,0.44375459119700666,2024,2024
MMC,"Marsh & McLennan Companies, Inc.",eps,0.08101531241956376,2024,2024
MMC,"Marsh & McLennan Companies, Inc.",healthcare,0.07016136651509805,2024,2024
MMC,"Marsh & McLennan Companies, Inc.",margin expansion,0.07001645929210555,2024,2024
MMC,"Marsh & McLennan Companies, Inc.",operating income,0.11893248234724735,2024,2024
MMC,"Marsh & McLennan Companies, Inc.",property,0.11098142180866255,2024,2024
MMC,"Marsh & McLennan Companies, Inc.",revenue billion,0.07064375333331803,2024,2024
MMM,3M Company,auto,0.11010925005932594,2024,2024
MMM,3M Company,cash flow,0.09080003839609864,2024,2024
MMM,3M Company,consumer,0.1147539802360321,2024,2024
MMM,3M Company,factories,0.21911996053512706,2024,2024
MMM,3M Company,free cash,0.07723256404064587,2024,2024
MMM,3M Company,industrial,0.1642478112533845,2024,2024
MMM,3M Company,inventory,0.11500025619179434,2024,2024
MMM,3M Company,organic growth,0.14508566157876668,2024,2024
MMM,3M Company,productivity,0.13008108187570938,2024,2024
MMM,3M Company,transportation,0.08291417300678791,2024,2024
MNST,Monster Beverage Corporation,category,0.2340621860975322,2024,2024
MNST,Monster Beverage Corporation,energy,0.3319107649337852,2024,2024
MNST,Monster Beverage Corporation,gross,0.09126172609373039,2024,2024
MNST,Monster Beverage Corporation,gross profit,0.08993802262934558,2024,2024
MNST,Monster Beverage Corporation,market share,0.1916057833700615,2024,2024
MNST,Monster Beverage Corporation,net sales,0.3767166502493958,2024,2024
MNST,Monster Beverage Corporation,price increase,0.09213241186104688,2024,2024
MNST,Monster Beverage Corporation,retail,0.08172212952847677,2024,2024
MNST,Monster Beverage Corporation,sales increased,0.1291141762691096,2024,2024
MO,"Altria Group, Inc.",category,0.19640564612089573,2024,2024
MO,"Altria Group, Inc.",consumer,0.14886248494601032,2024,2024
MO,"Altria Group, Inc.",consumers,0.15139419449813896,2024,2024
MO,"Altria Group, Inc.",eps,0.06943520489519081,2024,2024
MO,"Altria Group, Inc.",marketplace,0.09475958507160448,2024,2024
MO,"Altria Group, Inc.",retail,0.12999602551935863,2024,2024
MO,"Altria Group, Inc.",shipping,0.06960877422175947,2024,2024
MO,"Altria Group, Inc.",trial,0.07042724463095466,2024,2024
MO,"Altria Group, Inc.",volumes,0.06742534024271223,2024,2024
MOH,"Molina Healthcare, Inc.",marketplace,0.09296335653297097,2024,2024
MOH,"Molina Healthcare, Inc.",medicaid,0.6995383976493852,2024,2024
MOH,"Molina Healthcare, Inc.",medical,0.14807777181630385,2024,2024
MOH,"Molina Healthcare, Inc.",medicare,0.26417820343960313,2024,2024
MOH,"Molina Healthcare, Inc.",store,0.059666817187630894,2024,2024
MOH,"Molina Healthcare, Inc.",utilization,0.07516663984868668,2024,2024
MOS,The Mosaic Company,adjusted ebitda,0.07285204817650788,2024,2024
MOS,The Mosaic Company,capex,0.06220125538558609,2024,2024
MOS,The Mosaic Company,credit,0.06641131311646903,2024,2024
MOS,The Mosaic Company,ebitda,0.09747231830778726,2024,2024
MOS,The Mosaic Company,prices,0.2103047875055836,2024,2024
MOS,The Mosaic Company,production,0.2877391432091953,2024,2024
MOS,The Mosaic Company,supply,0.1782670318086205,2024,2024
MOS,The Mosaic Company,volumes,0.06538703505054745,2024,2024
MPC,Marathon Petroleum Corporation,adjusted ebitda,0.1280538443490122,2024,2024
MPC,Marathon Petroleum Corporation,barrels,0.19605831978315363,2024,2024
MPC,Marathon Petroleum Corporation,capacity,0.07583810987808516,2024,2024
MPC,Marathon Petroleum Corporation,crude,0.13508944438041376,2024,2024
MPC,Marathon Petroleum Corporation,distribution,0.09476570961198408,2024,2024
MPC,Marathon Petroleum Corporation,ebitda,0.13111757156755305,2024,2024
MPC,Marathon Petroleum Corporation,gulf coast,0.22356626120574713,2024,2024
MPC,Marathon Petroleum Corporation,midstream,0.24781002186946083,2024,2024
MPC,Marathon Petroleum Corporation,utilization,0.07388999634059279,2024,2024
MPWR,"Monolithic Power Systems, Inc.",ai,0.2224100562793349,2024,2024
MPWR,"Monolithic Power Systems, Inc.",auto,0.16396452564245886,2024,2024
MPWR,"Monolithic Power Systems, Inc.",automotive,0.14655107351603017,2024,2024
MPWR,"Monolithic Power Systems, Inc.",inventory,0.0975296767888727,2024,2024
MPWR,"Monolithic Power Systems, Inc.",memory,0.07602903788945839,2024,2024
MPWR,"Monolithic Power Systems, Inc.",power,0.3766784663328342,2024,2024
MPWR,"Monolithic Power Systems, Inc.",semiconductor,0.08377417386280854,2024,2024
MPWR,"Monolithic Power Systems, Inc.",server,0.09520505824073001,2024,2024
MPWR,"Monolithic Power Systems, Inc.",supply,0.10086039446995493,2024,2024
MRK,"Merck & Co., Inc.",clinical,0.1367885714247506,2024,2024
MRK,"Merck & Co., Inc.",disease,0.1633366295277434,2024,2024
MRK,"Merck & Co., Inc.",medicines,0.07836829716090234,2024,2024
MRK,"Merck & Co., Inc.",oncology,0.208742311379813,2024,2024
MRK,"Merck & Co., Inc.",patient,0.0942361027424949,2024,2024
MRK,"Merck & Co., Inc.",patients,0.5596741996237626,2024,2024
MRK,"Merck & Co., Inc.",therapy,0.11506422874069987,2024,2024
MRK,"Merck & Co., Inc.",trial,0.1010825689696799,2024,2024
MRNA,"Moderna, Inc.",clinical,0.11477509951967384,2024,2024
MRNA,"Moderna, Inc.",disease,0.050564312374911914,2024,2024
MRNA,"Moderna, Inc.",manufacturing,0.06293357518225678,2024,2024
MRNA,"Moderna, Inc.",patients,0.08478987730109344,2024,2024
MRNA,"Moderna, Inc.",trial,0.1322598533265057,2024,2024
MS,Morgan Stanley,bank,0.08061332782478921,2024,2024
MS,Morgan Stanley,banking,0.12208162572885019,2024,2024
MS,Morgan Stanley,client,0.2414988896260695,2024,2024
MS,Morgan Stanley,clients,0.3252962853067287,2024,2024
MS,Morgan Stanley,deposit,0.0793694125959109,2024,2024
MS,Morgan Stanley,deposits,0.07572520008006836,2024,2024
MS,Morgan Stanley,fixed income,0.13102117486445913,2024,2024
MS,Morgan Stanley,revenues,0.15278848657527783,2024,2024
MS,Morgan Stanley,transactional,0.07689463515867831,2024,2024
MSCI,MSCI Inc.,analytics,0.1440612105487781,2024,2024
MSCI,MSCI Inc.,aum,0.1356150162633619,2024,2024
MSCI,MSCI Inc.,client,0.23504053387622362,2024,2024
MSCI,MSCI Inc.,clients,0.1741283240542311,2024,2024
MSCI,MSCI Inc.,etf,0.1292119158339366,2024,2024
MSCI,MSCI Inc.,etfs,0.06590653514716265,2024,2024
MSCI,MSCI Inc.,fixed income,0.0670135972518618,2024,2024
MSCI,MSCI Inc.,private credit,0.05689959215147997,2024,2024
MSCI,MSCI Inc.,recurring,0.06917305602199261,2024,2024
MSCI,MSCI Inc.,retention,0.07610026508130874,2024,2024
MSCI,MSCI Inc.,subscription,0.19908506827284653,2024,2024
MSFT,Microsoft Corporation,ai,0.2727143619344145,2024,2024
MSFT,Microsoft Corporation,cloud,0.2178496477431014,2024,2024
MSFT,Microsoft Corporation,gross,0.06757821527877336,2024,2024
MSFT,Microsoft Corporation,gross margin,0.09099351374242334,2024,2024
MSFT,Microsoft Corporation,infrastructure,0.056163044385670796,2024,2024
MSFT,Microsoft Corporation,revenue growth,0.07291342604455506,2024,2024
MSFT,Microsoft Corporation,revenue increased,0.05761675092536929,2024,2024
MSFT,Microsoft Corporation,workloads,0.07634254494117908,2024,2024
MSI,"Motorola Solutions, Inc.",backlog,0.2536477625577287,2024,2024
MSI,"Motorola Solutions, Inc.",cash flow,0.08429343003341214,2024,2024
MSI,"Motorola Solutions, Inc.",cloud,0.2580269306291104,2024,2024
MSI,"Motorola Solutions, Inc.",operating earnings,0.1346622913508242,2024,2024
MSI,"Motorola Solutions, Inc.",orders,0.08362654829064603,2024,2024
MSI,"Motorola Solutions, Inc.",software,0.17310411889728058,2024,2024
MTB,M&T Bank Corporation,cet1,0.15897442127201988,2024,2024
MTB,M&T Bank Corporation,charge,0.07973497293769319,2024,2024
MTB,M&T Bank Corporation,charge offs,0.15089459531865826,2024,2024
MTB,M&T Bank Corporation,clients,0.07083479340132907,2024,2024
MTB,M&T Bank Corporation,consumer,0.0774180763266675,2024,2024
MTB,M&T Bank Corporation,credit,0.07877304348294285,2024,2024
MTB,M&T Bank Corporation,deposit,0.1924704657935808,2024,2024
MTB,M&T Bank Corporation,deposits,0.27960486788306604,2024,2024
MTB,M&T Bank Corporation,loan,0.20491493805384484,2024,2024
MTB,M&T Bank Corporation,loan growth,0.10421582804939794,2024,2024
MTB,M&T Bank Corporation,loans,0.35170054535409223,2024,2024
MTB,M&T Bank Corporation,mortgage,0.09336416778519181,2024,2024
MTB,M&T Bank Corporation,net charge,0.09902457817786947,2024,2024
MTB,M&T Bank Corporation,securities,0.07966944782503449,2024,2024
MTCH,"Match Group, Inc.",ai,0.09728200957155798,2024,2024
MTCH,"Match Group, Inc.",marketing,0.21692731512373267,2024,2024
MTCH,"Match Group, Inc.",revenue growth,0.09279065405961061,2024,2024
MTCH,"Match Group, Inc.",streaming,0.2695265773618599,2024,2024
MTCH,"Match Group, Inc.",total revenue,0.10615374188783107,2024,2024
MTD,Mettler-Toledo International Inc.,adjusted basis,0.09325628409583347,2024,2024
MTD,Mettler-Toledo International Inc.,adjusted eps,0.0776771014787239,2024,2024
MTD,Mettler-Toledo International Inc.,analytics,0.0835179095126006,2024,2024
MTD,Mettler-Toledo International Inc.,automation,0.0761334956892049,2024,2024
MTD,Mettler-Toledo International Inc.,eps,0.0867652810733691,2024,2024
MTD,Mettler-Toledo International Inc.,food,0.11484307347227417,2024,2024
MTD,Mettler-Toledo International Inc.,industrial,0.25474715708485046,2024,2024
MTD,Mettler-Toledo International Inc.,market conditions,0.0645458437005525,2024,2024
MTD,Mettler-Toledo International Inc.,pharma,0.14025805249400494,2024,2024
MTD,Mettler-Toledo International Inc.,sales growth,0.10367616858104381,2024,2024
MTD,Mettler-Toledo International Inc.,shipping,0.21361202906649077,2024,2024
MU,"Micron Technology, Inc.",ai,0.11428060789113682,2024,2024
MU,"Micron Technology, Inc.",capacity,0.05436024890061446,2024,2024
MU,"Micron Technology, Inc.",capex,0.06811892119374262,2024,2024
MU,"Micron Technology, Inc.",data center,0.12785000175193412,2024,2024
MU,"Micron Technology, Inc.",demand growth,0.040248575711070746,2024,2024
MU,"Micron Technology, Inc.",dram,0.4613010826486701,2024,2024
MU,"Micron Technology, Inc.",gross,0.058210384646621545,2024,2024
MU,"Micron Technology, Inc.",gross margin,0.04833471126194752,2024,2024
MU,"Micron Technology, Inc.",hbm,0.578661659084195,2024,2024
MU,"Micron Technology, Inc.",memory,0.09559302562347896,2024,2024
MU,"Micron Technology, Inc.",server,0.06510188659039629,2024,2024
MU,"Micron Technology, Inc.",supply,0.10512217368698448,2024,2024
MU,"Micron Technology, Inc.",supply demand,0.04100286618152685,2024,2024
NCLH,Norwegian Cruise Line Holdings Ltd.,adjusted ebitda,0.07805825309713413,2024,2024
NCLH,Norwegian Cruise Line Holdings Ltd.,adjusted eps,0.06443331408052855,2024,2024
NCLH,Norwegian Cruise Line Holdings Ltd.,adjusted net,0.11175709434297383,2024,2024
NCLH,Norwegian Cruise Line Holdings Ltd.,capacity,0.0808137060141929,2024,2024
NCLH,Norwegian Cruise Line Holdings Ltd.,ebitda,0.10701031790772587,2024,2024
NCLH,Norwegian Cruise Line Holdings Ltd.,occupancy,0.12465735456693999,2024,2024
NCLH,Norwegian Cruise Line Holdings Ltd.,targets,0.07478322935510351,2024,2024
NDAQ,"Nasdaq, Inc.",client,0.19108225860104353,2024,2024
NDAQ,"Nasdaq, Inc.",clients,0.4542312966826224,2024,2024
NDAQ,"Nasdaq, Inc.",regulatory,0.08614741537686764,2024,2024
NDAQ,"Nasdaq, Inc.",revenue growth,0.1001971014292219,2024,2024
NDSN,Nordson Corporation,backlog,0.1483213733286958,2024,2024
NDSN,Nordson Corporation,ebitda,0.25386423238481526,2024,2024
NDSN,Nordson Corporation,ebitda margins,0.09436465360993687,2024,2024
NDSN,Nordson Corporation,industrial,0.10255773747655306,2024,2024
NDSN,Nordson Corporation,medical,0.23305375806184703,2024,2024
NDSN,Nordson Corporation,organic sales,0.09008517884566439,2024,2024
NDSN,Nordson Corporation,semiconductor,0.11834418819975756,2024,2024
NEE,"NextEra Energy, Inc.",backlog,0.09153418138095634,2024,2024
NEE,"NextEra Energy, Inc.",clean energy,0.0583378857850301,2024,2024
NEE,"NextEra Energy, Inc.",data center,0.07695300698926671,2024,2024
NEE,"NextEra Energy, Inc.",energy,0.3394268046967251,2024,2024
NEE,"NextEra Energy, Inc.",gas,0.18275924363797802,2024,2024
NEE,"NextEra Energy, Inc.",gigawatts,0.31259175355242125,2024,2024
NEE,"NextEra Energy, Inc.",grid,0.07125261485226451,2024,2024
NEE,"NextEra Energy, Inc.",power,0.13621284357995225,2024,2024
NEE,"NextEra Energy, Inc.",roe,0.054448693399361425,2024,2024
NEM,Newmont Corporation,cash flow,0.06377496430016555,2024,2024
NEM,Newmont Corporation,free cash,0.06992512973666967,2024,2024
NEM,Newmont Corporation,production,0.24249057003974744,2024,2024
NEM,Newmont Corporation,productivity,0.06094790219915212,2024,2024
NEM,Newmont Corporation,working capital,0.05487589347977691,2024,2024
NFLX,"Netflix, Inc.",advertising,0.11434971299382757,2024,2024
NFLX,"Netflix, Inc.",revenue growth,0.06304454008144568,2024,2024
NFLX,"Netflix, Inc.",streaming,0.052321091668159125,2024,2024
NI,NiSource Inc.,adjusted eps,0.10077667616065489,2024,2024
NI,NiSource Inc.,capex,0.1530072557636505,2024,2024
NI,NiSource Inc.,capital plan,0.10425748015274519,2024,2024
NI,NiSource Inc.,data center,0.25204593427487954,2024,2024
NI,NiSource Inc.,data centers,0.10256301872046927,2024,2024
NI,NiSource Inc.,energy,0.10607043377725095,2024,2024
NI,NiSource Inc.,gas,0.3205128324828054,2024,2024
NI,NiSource Inc.,megawatts,0.09154377895058699,2024,2024
NI,NiSource Inc.,regulatory,0.12971197248150737,2024,2024
NI,NiSource Inc.,utility,0.09396004037041443,2024,2024
NKE,"NIKE, Inc.",consumer,0.12217446579424458,2024,2024
NKE,"NIKE, Inc.",consumers,0.06350185296249465,2024,2024
NKE,"NIKE, Inc.",digital,0.07687491973354427,2024,2024
NKE,"NIKE, Inc.",marketplace,0.09558300482581152,2024,2024
NKE,"NIKE, Inc.",retail,0.04887512871602816,2024,2024
NKE,"NIKE, Inc.",retail sales,0.04965521247954177,2024,2024
NKE,"NIKE, Inc.",stores,0.04794611219506066,2024,2024
NOC,Northrop Grumman Corporation,aircraft,0.18154253521635863,2024,2024
NOC,Northrop Grumman Corporation,backlog,0.13573324264660655,2024,2024
NOC,Northrop Grumman Corporation,cash flow,0.08402380493283158,2024,2024
NOC,Northrop Grumman Corporation,free cash,0.08660756619957517,2024,2024
NOC,Northrop Grumman Corporation,production,0.13559170951372426,2024,2024
NOW,"ServiceNow, Inc.",ai,0.2623230615521036,2024,2024
NOW,"ServiceNow, Inc.",engineering,0.03479358584223726,2024,2024
NOW,"ServiceNow, Inc.",gen ai,0.09415590963693161,2024,2024
NOW,"ServiceNow, Inc.",platform,0.10888644680125396,2024,2024
NOW,"ServiceNow, Inc.",software,0.061048844845408026,2024,2024
NOW,"ServiceNow, Inc.",subscription,0.0889660087115682,2024,2024
NOW,"ServiceNow, Inc.",workflows,0.06310228884877936,2024,2024
NRG,"NRG Energy, Inc.",adjusted ebitda,0.13353601089506312,2024,2024
NRG,"NRG Energy, Inc.",data center,0.13690530650336818,2024,2024
NRG,"NRG Energy, Inc.",ebitda,0.14081919997155493,2024,2024
NRG,"NRG Energy, Inc.",energy,0.1713458223629568,2024,2024
NRG,"NRG Energy, Inc.",flow growth,0.15827165935485746,2024,2024
NRG,"NRG Energy, Inc.",free cash,0.08884809612944099,2024,2024
NRG,"NRG Energy, Inc.",gas,0.11993203086946028,2024,2024
NRG,"NRG Energy, Inc.",gigawatts,0.12566974299524541,2024,2024
NRG,"NRG Energy, Inc.",power,0.21010530005769756,2024,2024
NRG,"NRG Energy, Inc.",retail,0.09622606095644126,2024,2024
NRG,"NRG Energy, Inc.",supply,0.11639655570964401,2024,2024
NSC,Norfolk Southern Corporation,merchandise,0.2116609336615521,2024,2024
NSC,Norfolk Southern Corporation,network,0.14090712149012852,2024,2024
NSC,Norfolk Southern Corporation,productivity,0.15674444206370328,2024,2024
NSC,Norfolk Southern Corporation,volume growth,0.06458488271353068,2024,2024
NSC,Norfolk Southern Corporation,volumes,0.05806654644453889,2024,2024
NTAP,"NetApp, Inc.",ai,0.19685935583449912,2024,2024
NTAP,"NetApp, Inc.",cash flow,0.06488874431052175,2024,2024
NTAP,"NetApp, Inc.",cloud,0.510160583836351,2024,2024
NTAP,"NetApp, Inc.",gross,0.119681957076566,2024,2024
NTAP,"NetApp, Inc.",gross margin,0.11493310230205296,2024,2024
NTAP,"NetApp, Inc.",operating margin,0.05554545212486267,2024,2024
NTAP,"NetApp, Inc.",subscription,0.11528909716194129,2024,2024
NTAP,"NetApp, Inc.",workloads,0.07131624081010492,2024,2024
NTRS,Northern Trust Corporation,client,0.17484079095210603,2024,2024
NTRS,Northern Trust Corporation,clients,0.24588692095832584,2024,2024
NTRS,Northern Trust Corporation,deposit,0.24729027030727604,2024,2024
NTRS,Northern Trust Corporation,deposits,0.2573520537441482,2024,2024
NTRS,Northern Trust Corporation,expense growth,0.08967410907503016,2024,2024
NTRS,Northern Trust Corporation,expenses,0.09099159483715964,2024,2024
NTRS,Northern Trust Corporation,new business,0.07241797158153734,2024,2024
NTRS,Northern Trust Corporation,organic growth,0.07094676296297789,2024,2024
NUE,Nucor Corporation,construction,0.10695902927751245,2024,2024
NUE,Nucor Corporation,data center,0.06539030183234072,2024,2024
NUE,Nucor Corporation,ebitda,0.06557820854051136,2024,2024
NUE,Nucor Corporation,energy,0.06866252460202807,2024,2024
NUE,Nucor Corporation,manufacturing,0.06190661440590857,2024,2024
NUE,Nucor Corporation,net earnings,0.0557467792340601,2024,2024
NUE,Nucor Corporation,volumes,0.06793971184271995,2024,2024
NVDA,NVIDIA Corporation,ai,0.4397041950207598,2024,2024
NVDA,NVIDIA Corporation,cloud,0.1901335416410154,2024,2024
NVDA,NVIDIA Corporation,compute,0.05315657054376366,2024,2024
NVDA,NVIDIA Corporation,data center,0.20026142894224228,2024,2024
NVDA,NVIDIA Corporation,data centers,0.05350954536121682,2024,2024
NVDA,NVIDIA Corporation,generative ai,0.22563269206584421,2024,2024
NVDA,NVIDIA Corporation,gpu,0.13813470566460134,2024,2024
NVDA,NVIDIA Corporation,gpus,0.1387255540017285,2024,2024
NVDA,NVIDIA Corporation,models,0.07979621286484388,2024,2024
NVDA,NVIDIA Corporation,networking,0.1595991008212581,2024,2024
NVDA,NVIDIA Corporation,platform,0.0579356895030145,2024,2024
NVDA,NVIDIA Corporation,software,0.16562107359887193,2024,2024
NWSA,News Corporation,advertising,0.16718386828347362,2024,2024
NWSA,News Corporation,digital,0.19701188091600558,2024,2024
NWSA,News Corporation,ebitda,0.1436771682097313,2024,2024
NWSA,News Corporation,real estate,0.07169546905887846,2024,2024
NWSA,News Corporation,revenues,0.24577533343200936,2024,2024
NWSA,News Corporation,streaming,0.15428760493844387,2024,2024
NWSA,News Corporation,subscription,0.1094003496779297,2024,2024
NWSA,News Corporation,subscriptions,0.08169878919720365,2024,2024
NXPI,NXP Semiconductors N.V.,auto,0.15494928237471492,2024,2024
NXPI,NXP Semiconductors N.V.,automotive,0.4579803973175212,2024,2024
NXPI,NXP Semiconductors N.V.,foundry,0.09346523568287264,2024,2024
NXPI,NXP Semiconductors N.V.,gross,0.14264769128744442,2024,2024
NXPI,NXP Semiconductors N.V.,gross margin,0.10651988354495528,2024,2024
NXPI,NXP Semiconductors N.V.,industrial,0.1630485862177208,2024,2024
NXPI,NXP Semiconductors N.V.,inventory,0.3506361380219173,2024,2024
NXPI,NXP Semiconductors N.V.,vehicle,0.07364693828724726,2024,2024
O,Realty Income Corporation,affo,0.14537133390847093,2024,2024
O,Realty Income Corporation,clients,0.15848077320491744,2024,2024
O,Realty Income Corporation,cost capital,0.22365778623960425,2024,2024
O,Realty Income Corporation,credit,0.17902832532332524,2024,2024
O,Realty Income Corporation,debt,0.12247534973393691,2024,2024
O,Realty Income Corporation,equity,0.12961062465031611,2024,2024
O,Realty Income Corporation,fund,0.1552161645173506,2024,2024
O,Realty Income Corporation,lease,0.15320007636103214,2024,2024
O,Realty Income Corporation,leases,0.15276076819046888,2024,2024
O,Realty Income Corporation,platform,0.08852767986549091,2024,2024
O,Realty Income Corporation,real estate,0.1580087396897189,2024,2024
O,Realty Income Corporation,rent,0.3197545308309759,2024,2024
O,Realty Income Corporation,store,0.09310179921789306,2024,2024
O,Realty Income Corporation,tenant,0.08529877197751355,2024,2024
O,Realty Income Corporation,transaction,0.08512959846297745,2024,2024
ODFL,"Old Dominion Freight Line, Inc.",capacity,0.17270267945104523,2024,2024
ODFL,"Old Dominion Freight Line, Inc.",economy,0.09804713548820972,2024,2024
ODFL,"Old Dominion Freight Line, Inc.",freight,0.2345720611986151,2024,2024
ODFL,"Old Dominion Freight Line, Inc.",industrial,0.09823331866918034,2024,2024
ODFL,"Old Dominion Freight Line, Inc.",market share,0.12620657654852555,2024,2024
ODFL,"Old Dominion Freight Line, Inc.",network,0.12088092581177075,2024,2024
OKE,"ONEOK, Inc.",adjusted ebitda,0.08476714958125282,2024,2024
OKE,"ONEOK, Inc.",barrels,0.13650466789786517,2024,2024
OKE,"ONEOK, Inc.",capacity,0.09624283745471042,2024,2024
OKE,"ONEOK, Inc.",crude,0.2425638743723384,2024,2024
OKE,"ONEOK, Inc.",ebitda,0.10637461841484083,2024,2024
OKE,"ONEOK, Inc.",gas,0.36018073708624254,2024,2024
OKE,"ONEOK, Inc.",natural gas,0.36991534821671723,2024,2024
OKE,"ONEOK, Inc.",oil,0.10699956035092968,2024,2024
OKE,"ONEOK, Inc.",volumes,0.14279859434473888,2024,2024
OMC,Omnicom Group Inc.,advertising,0.14255819710422923,2024,2024
OMC,Omnicom Group Inc.,ai,0.08489808041503562,2024,2024
OMC,Omnicom Group Inc.,client,0.19050570286081528,2024,2024
OMC,Omnicom Group Inc.,clients,0.33089060016513233,2024,2024
OMC,Omnicom Group Inc.,commerce,0.15782825515975338,2024,2024
OMC,Omnicom Group Inc.,ebitda,0.06456077551235623,2024,2024
OMC,Omnicom Group Inc.,ebitda margin,0.05287062067997606,2024,2024
OMC,Omnicom Group Inc.,marketing,0.10581498375194087,2024,2024
OMC,Omnicom Group Inc.,organic growth,0.08728980440313873,2024,2024
OMC,Omnicom Group Inc.,platform,0.07217411855685102,2024,2024
OMC,Omnicom Group Inc.,production,0.0878913540570531,2024,2024
ON,ON Semiconductor Corporation,ai,0.06606406359311691,2024,2024
ON,ON Semiconductor Corporation,auto,0.12729894556192192,2024,2024
ON,ON Semiconductor Corporation,automotive,0.23896772542795713,2024,2024
ON,ON Semiconductor Corporation,data center,0.06418356315292717,2024,2024
ON,ON Semiconductor Corporation,ev,0.09193878794270723,2024,2024
ON,ON Semiconductor Corporation,evs,0.08346452836833208,2024,2024
ON,ON Semiconductor Corporation,gross,0.10316874163881506,2024,2024
ON,ON Semiconductor Corporation,gross margin,0.12294320960443847,2024,2024
ON,ON Semiconductor Corporation,industrial,0.19042788368038857,2024,2024
ON,ON Semiconductor Corporation,inventory,0.25092851897541835,2024,2024
ON,ON Semiconductor Corporation,manufacturing,0.051762066551377425,2024,2024
ON,ON Semiconductor Corporation,power,0.1001992722922667,2024,2024
ON,ON Semiconductor Corporation,utilization,0.08998728406472364,2024,2024
ORCL,Oracle Corporation,ai,0.09454482568198515,2024,2024
ORCL,Oracle Corporation,cloud,0.5959176395587443,2024,2024
ORCL,Oracle Corporation,data center,0.07061993064617415,2024,2024
ORCL,Oracle Corporation,data centers,0.14816478316448425,2024,2024
ORCL,Oracle Corporation,eps,0.03857437586032759,2024,2024
ORCL,Oracle Corporation,gaap eps,0.039717411956377104,2024,2024
ORCL,Oracle Corporation,infrastructure,0.04684667095725021,2024,2024
ORCL,Oracle Corporation,revenue billion,0.03828578975843015,2024,2024
ORCL,Oracle Corporation,saas,0.0768919046064838,2024,2024
ORCL,Oracle Corporation,workloads,0.05499530900559781,2024,2024
ORLY,"O'Reilly Automotive, Inc.",categories,0.13647823933986863,2024,2024
ORLY,"O'Reilly Automotive, Inc.",customer service,0.09128193224693061,2024,2024
ORLY,"O'Reilly Automotive, Inc.",distribution,0.09549612293235281,2024,2024
ORLY,"O'Reilly Automotive, Inc.",gross,0.08381431989749613,2024,2024
ORLY,"O'Reilly Automotive, Inc.",gross margin,0.09854969485264874,2024,2024
ORLY,"O'Reilly Automotive, Inc.",inflation,0.07899222288154685,2024,2024
ORLY,"O'Reilly Automotive, Inc.",inventory,0.09218749519239063,2024,2024
ORLY,"O'Reilly Automotive, Inc.",store,0.4071712275899077,2024,2024
ORLY,"O'Reilly Automotive, Inc.",store sales,0.17522509959600463,2024,2024
ORLY,"O'Reilly Automotive, Inc.",stores,0.183200287505833,2024,2024
ORLY,"O'Reilly Automotive, Inc.",vehicles,0.07099432185741472,2024,2024
OTIS,Otis Worldwide Corporation,backlog,0.1502187982883934,2024,2024
OTIS,Otis Worldwide Corporation,equipment,0.3125407247048356,2024,2024
OTIS,Otis Worldwide Corporation,operating profit,0.10479911488865479,2024,2024
OTIS,Otis Worldwide Corporation,orders,0.12216152308557736,2024,2024
OTIS,Otis Worldwide Corporation,organic sales,0.09959229490781096,2024,2024
OTIS,Otis Worldwide Corporation,productivity,0.05120900352528851,2024,2024
OTIS,Otis Worldwide Corporation,profit,0.07988277261313434,2024,2024
OXY,Occidental Petroleum Corporation,barrels,0.13253712401732143,2024,2024
OXY,Occidental Petroleum Corporation,cash flow,0.08471831094415726,2024,2024
OXY,Occidental Petroleum Corporation,debt,0.0766189758048611,2024,2024
OXY,Occidental Petroleum Corporation,gas,0.184032111220749,2024,2024
OXY,Occidental Petroleum Corporation,midstream,0.16903092803433892,2024,2024
OXY,Occidental Petroleum Corporation,oil,0.3146800628861398,2024,2024
OXY,Occidental Petroleum Corporation,oil gas,0.15312488814581343,2024,2024
OXY,Occidental Petroleum Corporation,production,0.22397572331490875,2024,2024
PANW,"Palo Alto Networks, Inc.",ai,0.21114645422504305,2024,2024
PANW,"Palo Alto Networks, Inc.",bookings,0.05253888448779862,2024,2024
PANW,"Palo Alto Networks, Inc.",cash flow,0.05573196812198941,2024,2024
PANW,"Palo Alto Networks, Inc.",cloud,0.2715652603698408,2024,2024
PANW,"Palo Alto Networks, Inc.",cybersecurity,0.16103615907195223,2024,2024
PANW,"Palo Alto Networks, Inc.",free cash,0.05197472216690805,2024,2024
PANW,"Palo Alto Networks, Inc.",network,0.07770762261043085,2024,2024
PANW,"Palo Alto Networks, Inc.",platform,0.11679874065014027,2024,2024
PANW,"Palo Alto Networks, Inc.",platforms,0.08336696711608388,2024,2024
PANW,"Palo Alto Networks, Inc.",saas,0.05366865773796547,2024,2024
PANW,"Palo Alto Networks, Inc.",software,0.047163706800450345,2024,2024
PARA,Paramount Global,advertising,0.1583075595148774,2024,2024
PARA,Paramount Global,profitability,0.06689779936587227,2024,2024
PARA,Paramount Global,streaming,0.2676914261652995,2024,2024
PARA,Paramount Global,subscription,0.056943399257415754,2024,2024
PAYC,"Paycom Software, Inc.",adjusted ebitda,0.1289721436973694,2024,2024
PAYC,"Paycom Software, Inc.",automation,0.2562851837998545,2024,2024
PAYC,"Paycom Software, Inc.",client,0.3795006679411499,2024,2024
PAYC,"Paycom Software, Inc.",clients,0.4925946496010617,2024,2024
PAYC,"Paycom Software, Inc.",ebitda,0.13548331324600768,2024,2024
PAYC,"Paycom Software, Inc.",gaap net,0.08039945491651539,2024,2024
PAYC,"Paycom Software, Inc.",recurring revenue,0.06562220446336058,2024,2024
PAYC,"Paycom Software, Inc.",retention,0.09411537826775886,2024,2024
PAYC,"Paycom Software, Inc.",roi,0.17858380507845284,2024,2024
PAYC,"Paycom Software, Inc.",total revenues,0.06452348937083735,2024,2024
PAYX,"Paychex, Inc.",ai,0.12148479904223787,2024,2024
PAYX,"Paychex, Inc.",client,0.24341400034779573,2024,2024
PAYX,"Paychex, Inc.",client base,0.0963667473646427,2024,2024
PAYX,"Paychex, Inc.",clients,0.3952726343412997,2024,2024
PAYX,"Paychex, Inc.",diluted earnings,0.0938506841440525,2024,2024
PAYX,"Paychex, Inc.",retention,0.15259225561112771,2024,2024
PAYX,"Paychex, Inc.",total revenue,0.07844115855179425,2024,2024
PCAR,PACCAR Inc,capacity,0.05817257822670101,2024,2024
PCAR,PACCAR Inc,gross,0.06060913996355602,2024,2024
PCAR,PACCAR Inc,gross margins,0.0536812035947328,2024,2024
PCAR,PACCAR Inc,inventory,0.1032993001677775,2024,2024
PCAR,PACCAR Inc,market share,0.07383646487412812,2024,2024
PCAR,PACCAR Inc,price cost,0.0831166003516516,2024,2024
PCAR,PACCAR Inc,truck,0.5586028327564092,2024,2024
PCAR,PACCAR Inc,trucks,0.547716616574982,2024,2024
PCG,PG&E Corporation,capital plan,0.08795531829242413,2024,2024
PCG,PG&E Corporation,equity,0.09724271460549148,2024,2024
PCG,PG&E Corporation,fund,0.09947328793665686,2024,2024
PCG,PG&E Corporation,gigawatts,0.10074031642501623,2024,2024
PCG,PG&E Corporation,utilities,0.07414282423865401,2024,2024
PCG,PG&E Corporation,utility,0.1093898839556509,2024,2024
PEG,Public Service Enterprise Group Incorporated,data center,0.12498687801713802,2024,2024
PEG,Public Service Enterprise Group Incorporated,data centers,0.07580081544035831,2024,2024
PEG,Public Service Enterprise Group Incorporated,energy,0.10936783113988191,2024,2024
PEG,Public Service Enterprise Group Incorporated,gas,0.09910843903121008,2024,2024
PEG,Public Service Enterprise Group Incorporated,megawatts,0.1368172312953226,2024,2024
PEG,Public Service Enterprise Group Incorporated,operating earnings,0.22309003024245733,2024,2024
PEG,Public Service Enterprise Group Incorporated,power,0.09370242352683164,2024,2024
PEG,Public Service Enterprise Group Incorporated,utility,0.10231216908853563,2024,2024
PEP,"PepsiCo, Inc.",beverage,0.14926936444593736,2024,2024
PEP,"PepsiCo, Inc.",categories,0.10562563970810555,2024,2024
PEP,"PepsiCo, Inc.",category,0.3344333408827759,2024,2024
PEP,"PepsiCo, Inc.",consumer,0.2201259313841797,2024,2024
PEP,"PepsiCo, Inc.",consumers,0.3022984459509238,2024,2024
PEP,"PepsiCo, Inc.",food,0.16433919886454987,2024,2024
PEP,"PepsiCo, Inc.",productivity,0.09266767662210842,2024,2024
PEP,"PepsiCo, Inc.",snacks,0.31835457684874746,2024,2024
PFE,Pfizer Inc.,clinical,0.08990231486407294,2024,2024
PFE,Pfizer Inc.,disease,0.12306329052592256,2024,2024
PFE,Pfizer Inc.,medicines,0.07940575017021514,2024,2024
PFE,Pfizer Inc.,oncology,0.16920454242711874,2024,2024
PFE,Pfizer Inc.,patient,0.083548164432092,2024,2024
PFE,Pfizer Inc.,patients,0.325689711874828,2024,2024
PFG,"Principal Financial Group, Inc.",aum,0.10028227362029551,2024,2024
PFG,"Principal Financial Group, Inc.",cash flow,0.07922615308040142,2024,2024
PFG,"Principal Financial Group, Inc.",equity,0.0799304874540091,2024,2024
PFG,"Principal Financial Group, Inc.",loss ratio,0.09060807929368384,2024,2024
PFG,"Principal Financial Group, Inc.",net revenue,0.09864522945907511,2024,2024
PFG,"Principal Financial Group, Inc.",operating earnings,0.15435012658567113,2024,2024
PFG,"Principal Financial Group, Inc.",real estate,0.2013199219758238,2024,2024
PG,The Procter & Gamble Company,categories,0.11503706458265492,2024,2024
PG,The Procter & Gamble Company,category,0.09349352630990382,2024,2024
PG,The Procter & Gamble Company,consumer,0.1554198130906031,2024,2024
PG,The Procter & Gamble Company,consumers,0.1606774867406744,2024,2024
PG,The Procter & Gamble Company,market growth,0.16007927492255355,2024,2024
PG,The Procter & Gamble Company,organic sales,0.32518936251977587,2024,2024
PG,The Procter & Gamble Company,price mix,0.09020666305504801,2024,2024
PG,The Procter & Gamble Company,productivity,0.12486307762842228,2024,2024
PG,The Procter & Gamble Company,sales growth,0.1173809595582762,2024,2024
PG,The Procter & Gamble Company,volume growth,0.12347641219362188,2024,2024
PGR,The Progressive Corporation,advertising,0.11414505370973398,2024,2024
PGR,The Progressive Corporation,auto,0.2538182912939314,2024,2024
PGR,The Progressive Corporation,digital,0.08420265727354777,2024,2024
PGR,The Progressive Corporation,property,0.08393551640548384,2024,2024
PGR,The Progressive Corporation,retention,0.07881542470396202,2024,2024
PGR,The Progressive Corporation,vehicle,0.07819200116005637,2024,2024
PH,Parker-Hannifin Corporation,aerospace,0.45952350339820397,2024,2024
PH,Parker-Hannifin Corporation,backlog,0.11066657197559293,2024,2024
PH,Parker-Hannifin Corporation,eps,0.06950027369780153,2024,2024
PH,Parker-Hannifin Corporation,industrial,0.20660694443252664,2024,2024
PH,Parker-Hannifin Corporation,orders,0.15975885804464224,2024,2024
PH,Parker-Hannifin Corporation,organic growth,0.14532639956182716,2024,2024
PHM,"PulteGroup, Inc.",gross,0.11120134901135414,2024,2024
PHM,"PulteGroup, Inc.",gross margin,0.09306359571036092,2024,2024
PHM,"PulteGroup, Inc.",inventory,0.1362797353196958,2024,2024
PHM,"PulteGroup, Inc.",mortgage,0.08315382633761899,2024,2024
PKG,Packaging Corporation of America,capital spending,0.09262652080506041,2024,2024
PKG,Packaging Corporation of America,ebitda,0.10689315617194173,2024,2024
PKG,Packaging Corporation of America,prices,0.16319347359826178,2024,2024
PKG,Packaging Corporation of America,sales billion,0.07420113056832861,2024,2024
PLD,"Prologis, Inc.",data center,0.06665526205555856,2024,2024
PLD,"Prologis, Inc.",ffo,0.11233666760371985,2024,2024
PLD,"Prologis, Inc.",gigawatts,0.06952839641952792,2024,2024
PLD,"Prologis, Inc.",lease,0.13015063930551685,2024,2024
PLD,"Prologis, Inc.",leasing,0.19982789016940905,2024,2024
PLD,"Prologis, Inc.",noi,0.0924084783819026,2024,2024
PLD,"Prologis, Inc.",occupancy,0.2675913147024252,2024,2024
PLD,"Prologis, Inc.",rent,0.3610571801774782,2024,2024
PLD,"Prologis, Inc.",rent growth,0.173212719816831,2024,2024
PLD,"Prologis, Inc.",rents,0.31258328484926884,2024,2024
PLD,"Prologis, Inc.",store,0.08242462637410718,2024,2024
PLD,"Prologis, Inc.",tenants,0.07416362284749646,2024,2024
PLTR,Palantir Technologies Inc.,ai,0.3040888312816652,2024,2024
PLTR,Palantir Technologies Inc.,foundry,0.09381428713413549,2024,2024
PLTR,Palantir Technologies Inc.,models,0.12702955111020547,2024,2024
PLTR,Palantir Technologies Inc.,production,0.15482341045089104,2024,2024
PLTR,Palantir Technologies Inc.,software,0.21712868044919306,2024,2024
PLTR,Palantir Technologies Inc.,use cases,0.06677544765332405,2024,2024
PM,Philip Morris International Inc.,category,0.15977703501644672,2024,2024
PM,Philip Morris International Inc.,consumer,0.07947215140767298,2024,2024
PM,Philip Morris International Inc.,diluted eps,0.0648844133205046,2024,2024
PM,Philip Morris International Inc.,gross,0.09264568752207308,2024,2024
PM,Philip Morris International Inc.,gross profit,0.06395215782247211,2024,2024
PM,Philip Morris International Inc.,margin expansion,0.06995428200141417,2024,2024
PM,Philip Morris International Inc.,net revenue,0.11302912110444178,2024,2024
PM,Philip Morris International Inc.,operating income,0.05668544580052158,2024,2024
PM,Philip Morris International Inc.,organic net,0.0775088060440358,2024,2024
PM,Philip Morris International Inc.,volumes,0.12148611095796287,2024,2024
PNC,"The PNC Financial Services Group, Inc.",charge offs,0.1332471071570031,2024,2024
PNC,"The PNC Financial Services Group, Inc.",credit,0.1078720432940428,2024,2024
PNC,"The PNC Financial Services Group, Inc.",deposit,0.1579539446403926,2024,2024
PNC,"The PNC Financial Services Group, Inc.",deposits,0.2259637917880014,2024,2024
PNC,"The PNC Financial Services Group, Inc.",loan,0.32993666562463425,2024,2024
PNC,"The PNC Financial Services Group, Inc.",loan growth,0.33979397429707753,2024,2024
PNC,"The PNC Financial Services Group, Inc.",loans,0.21753377931270987,2024,2024
PNC,"The PNC Financial Services Group, Inc.",securities,0.10186702343912776,2024,2024
PNR,Pentair plc,adjusted eps,0.10833891382544293,2024,2024
PNR,Pentair plc,eps,0.07907471047340409,2024,2024
PNR,Pentair plc,inflation,0.07112723583873322,2024,2024
PNR,Pentair plc,margin expansion,0.06887321952627669,2024,2024
PNR,Pentair plc,operating income,0.058041815347124395,2024,2024
PNR,Pentair plc,residential,0.15898070266914585,2024,2024
PNW,Pinnacle West Capital Corporation,capex,0.08455035144241631,2024,2024
PNW,Pinnacle West Capital Corporation,capital plan,0.0773490282460863,2024,2024
PNW,Pinnacle West Capital Corporation,equity,0.10994976381668942,2024,2024
PNW,Pinnacle West Capital Corporation,megawatts,0.13040003345738543,2024,2024
PNW,Pinnacle West Capital Corporation,regulatory,0.1587857942109948,2024,2024
PNW,Pinnacle West Capital Corporation,residential,0.10957474234227575,2024,2024
PNW,Pinnacle West Capital Corporation,sales growth,0.1942315639141689,2024,2024
PODD,Insulet Corporation,clinical,0.0650133403416903,2024,2024
PODD,Insulet Corporation,gross,0.07690288539554883,2024,2024
PODD,Insulet Corporation,gross margin,0.09784793857888639,2024,2024
PODD,Insulet Corporation,new customer,0.2451533023987432,2024,2024
PODD,Insulet Corporation,patient,0.13708354334200934,2024,2024
PODD,Insulet Corporation,patients,0.44594766257150964,2024,2024
PODD,Insulet Corporation,revenue growth,0.08073171879657988,2024,2024
PODD,Insulet Corporation,therapy,0.11461867501262565,2024,2024
POOL,Pool Corporation,construction,0.2697950870315472,2024,2024
POOL,Pool Corporation,customer experience,0.06999935394968915,2024,2024
POOL,Pool Corporation,gross,0.1544545913093492,2024,2024
POOL,Pool Corporation,gross margin,0.17955087167138153,2024,2024
POOL,Pool Corporation,installed base,0.05689191847420999,2024,2024
POOL,Pool Corporation,inventory,0.0893477582843906,2024,2024
POOL,Pool Corporation,network,0.06883769248926047,2024,2024
POOL,Pool Corporation,retail,0.07780573447436781,2024,2024
POOL,Pool Corporation,stores,0.06647818599203556,2024,2024
PPG,"PPG Industries, Inc.",aerospace,0.11688420845071612,2024,2024
PPG,"PPG Industries, Inc.",auto,0.10166510887449512,2024,2024
PPG,"PPG Industries, Inc.",automotive,0.08764276061136869,2024,2024
PPG,"PPG Industries, Inc.",eps,0.05899234396790009,2024,2024
PPG,"PPG Industries, Inc.",industrial,0.24707103934335034,2024,2024
PPG,"PPG Industries, Inc.",organic sales,0.059224119688257956,2024,2024
PPG,"PPG Industries, Inc.",volume growth,0.06821288576363142,2024,2024
PPG,"PPG Industries, Inc.",volumes,0.06402414056414191,2024,2024
PPL,PPL Corporation,capital investments,0.07303510017624061,2024,2024
PPL,PPL Corporation,data center,0.24880963827965294,2024,2024
PPL,PPL Corporation,data centers,0.07800143240628497,2024,2024
PPL,PPL Corporation,energy,0.12667172018891518,2024,2024
PPL,PPL Corporation,gas,0.07978474145555663,2024,2024
PPL,PPL Corporation,gigawatts,0.12883555085247891,2024,2024
PPL,PPL Corporation,grid,0.14016049642500686,2024,2024
PPL,PPL Corporation,megawatts,0.16090200095981924,2024,2024
PPL,PPL Corporation,utilities,0.07815495138798344,2024,2024
PPL,PPL Corporation,utility,0.09731991395903675,2024,2024
PRU,"Prudential Financial, Inc.",capital deployment,0.08587093814944095,2024,2024
PRU,"Prudential Financial, Inc.",distribution,0.09309004166733016,2024,2024
PRU,"Prudential Financial, Inc.",fixed income,0.1016071756112907,2024,2024
PSA,Public Storage,advertising,0.06805567696384154,2024,2024
PSA,Public Storage,ffo,0.07007765960203302,2024,2024
PSA,Public Storage,leasing,0.086566859721489,2024,2024
PSA,Public Storage,noi,0.11342402390416294,2024,2024
PSA,Public Storage,occupancy,0.34224725100030345,2024,2024
PSA,Public Storage,properties,0.1190974346867227,2024,2024
PSA,Public Storage,property,0.13424334308786903,2024,2024
PSA,Public Storage,rent,0.17970801550226936,2024,2024
PSA,Public Storage,rents,0.42442973577454,2024,2024
PSA,Public Storage,store,0.17528857976696285,2024,2024
PSA,Public Storage,supply,0.06904661292300938,2024,2024
PSA,Public Storage,tenants,0.10240866165870462,2024,2024
PSX,Phillips 66,barrels,0.1407224922242541,2024,2024
PSX,Phillips 66,crude,0.2301783452884421,2024,2024
PSX,Phillips 66,debt,0.05904061373480062,2024,2024
PSX,Phillips 66,ebitda,0.07993226749122019,2024,2024
PSX,Phillips 66,marketing,0.07266623037049734,2024,2024
PSX,Phillips 66,midstream,0.48573977934654206,2024,2024
PSX,Phillips 66,utilization,0.07801548955917116,2024,2024
PTC,PTC Inc.,automotive,0.053572817556567016,2024,2024
PTC,PTC Inc.,cash flow,0.086509973989939,2024,2024
PTC,PTC Inc.,digital,0.06044798735449423,2024,2024
PTC,PTC Inc.,free cash,0.0859393819870104,2024,2024
PTC,PTC Inc.,industrial,0.038924097854453,2024,2024
PTC,PTC Inc.,saas,0.10722783554489909,2024,2024
PTC,PTC Inc.,software,0.062387555267824704,2024,2024
PWR,"Quanta Services, Inc.",backlog,0.13694578746804364,2024,2024
PWR,"Quanta Services, Inc.",cash flow,0.0998209552463628,2024,2024
PWR,"Quanta Services, Inc.",client,0.08194518897736376,2024,2024
PWR,"Quanta Services, Inc.",clients,0.10624002517705015,2024,2024
PWR,"Quanta Services, Inc.",data center,0.12824375848095135,2024,2024
PWR,"Quanta Services, Inc.",data centers,0.08136567864137026,2024,2024
PWR,"Quanta Services, Inc.",gas,0.156447668995729,2024,2024
PWR,"Quanta Services, Inc.",grid,0.1505058661210295,2024,2024
PWR,"Quanta Services, Inc.",infrastructure,0.10290464692393428,2024,2024
PWR,"Quanta Services, Inc.",power,0.08091765931568012,2024,2024
PWR,"Quanta Services, Inc.",utilities,0.11255640752496046,2024,2024
PWR,"Quanta Services, Inc.",utility,0.0969029510721546,2024,2024
PYPL,"PayPal Holdings, Inc.",commerce,0.05823495152671163,2024,2024
PYPL,"PayPal Holdings, Inc.",consumer,0.054363581222705806,2024,2024
PYPL,"PayPal Holdings, Inc.",consumers,0.08306706599315639,2024,2024
PYPL,"PayPal Holdings, Inc.",platform,0.05443647162555775,2024,2024
PYPL,"PayPal Holdings, Inc.",profitable growth,0.05273697045659504,2024,2024
PYPL,"PayPal Holdings, Inc.",transaction,0.20579833658787225,2024,2024
QCOM,QUALCOMM Incorporated,ai,0.3583958016207099,2024,2024
QCOM,QUALCOMM Incorporated,auto,0.08433329307953588,2024,2024
QCOM,QUALCOMM Incorporated,automotive,0.2548976672050499,2024,2024
QCOM,QUALCOMM Incorporated,gen ai,0.11390858930713964,2024,2024
QCOM,QUALCOMM Incorporated,industrial,0.11574971918693856,2024,2024
QCOM,QUALCOMM Incorporated,networking,0.08931605575039343,2024,2024
QCOM,QUALCOMM Incorporated,revenues,0.17645470900223742,2024,2024
RCL,Royal Caribbean Cruises Ltd.,bookings,0.08399170515886097,2024,2024
RCL,Royal Caribbean Cruises Ltd.,capacity,0.08982237321347,2024,2024
RCL,Royal Caribbean Cruises Ltd.,travel,0.08551790373103135,2024,2024
REG,Regency Centers Corporation,grocery,0.09553471850494485,2024,2024
REG,Regency Centers Corporation,lease,0.14396071515200975,2024,2024
REG,Regency Centers Corporation,leases,0.08833717001166652,2024,2024
REG,Regency Centers Corporation,leasing,0.2488648795421129,2024,2024
REG,Regency Centers Corporation,noi,0.24344937828415775,2024,2024
REG,Regency Centers Corporation,occupancy,0.2014191781633995,2024,2024
REG,Regency Centers Corporation,property,0.1715006438009409,2024,2024
REG,Regency Centers Corporation,rent,0.3187539218468109,2024,2024
REG,Regency Centers Corporation,rents,0.08045028926732199,2024,2024
REG,Regency Centers Corporation,tenant,0.14797749863176168,2024,2024
REG,Regency Centers Corporation,tenants,0.18983278967386055,2024,2024
REGN,"Regeneron Pharmaceuticals, Inc.",clinical,0.12688325851268903,2024,2024
REGN,"Regeneron Pharmaceuticals, Inc.",disease,0.1268287037301719,2024,2024
REGN,"Regeneron Pharmaceuticals, Inc.",loss,0.1032547769335509,2024,2024
REGN,"Regeneron Pharmaceuticals, Inc.",net sales,0.13090218901574038,2024,2024
REGN,"Regeneron Pharmaceuticals, Inc.",oncology,0.08428451571514331,2024,2024
REGN,"Regeneron Pharmaceuticals, Inc.",patients,0.6145776520218992,2024,2024
REGN,"Regeneron Pharmaceuticals, Inc.",therapy,0.1333569262515387,2024,2024
REGN,"Regeneron Pharmaceuticals, Inc.",trial,0.09499906993330601,2024,2024
RF,Regions Financial Corporation,capital markets,0.07564545814691018,2024,2024
RF,Regions Financial Corporation,charge,0.10939088432107429,2024,2024
RF,Regions Financial Corporation,charge offs,0.20568994712035127,2024,2024
RF,Regions Financial Corporation,consumer,0.07716275440425786,2024,2024
RF,Regions Financial Corporation,credit,0.10862539464127154,2024,2024
RF,Regions Financial Corporation,deposit,0.5029642023684159,2024,2024
RF,Regions Financial Corporation,deposits,0.1967172292788366,2024,2024
RF,Regions Financial Corporation,loan,0.2207028574688223,2024,2024
RF,Regions Financial Corporation,loan growth,0.22607463184131893,2024,2024
RF,Regions Financial Corporation,loans,0.20519452688750184,2024,2024
RF,Regions Financial Corporation,net charge,0.12606803210602174,2024,2024
RF,Regions Financial Corporation,net income,0.06846446874053162,2024,2024
RJF,"Raymond James Financial, Inc.",bank,0.10471725327259895,2024,2024
RJF,"Raymond James Financial, Inc.",client,0.25089446335936344,2024,2024
RJF,"Raymond James Financial, Inc.",clients,0.21748847567612647,2024,2024
RJF,"Raymond James Financial, Inc.",deposits,0.0919119204090148,2024,2024
RJF,"Raymond James Financial, Inc.",loan,0.19841053921330837,2024,2024
RJF,"Raymond James Financial, Inc.",loan growth,0.13098610587005308,2024,2024
RJF,"Raymond James Financial, Inc.",loans,0.13369107568467087,2024,2024
RJF,"Raymond James Financial, Inc.",revenues,0.10080810378553434,2024,2024
RL,Ralph Lauren Corporation,consumer,0.15124262802063113,2024,2024
RL,Ralph Lauren Corporation,consumers,0.15185747019568482,2024,2024
RL,Ralph Lauren Corporation,digital,0.0933233524378889,2024,2024
RL,Ralph Lauren Corporation,gross,0.06404071940393367,2024,2024
RL,Ralph Lauren Corporation,gross margin,0.07399176724289018,2024,2024
RL,Ralph Lauren Corporation,marketing,0.06926532481899389,2024,2024
RL,Ralph Lauren Corporation,stores,0.11536763732548162,2024,2024
RMD,ResMed Inc.,clinical,0.0528740081800712,2024,2024
RMD,ResMed Inc.,digital,0.06532413109506392,2024,2024
RMD,ResMed Inc.,freight,0.05618180761903544,2024,2024
RMD,ResMed Inc.,gross,0.05483493044291328,2024,2024
RMD,ResMed Inc.,gross margin,0.06472220830173625,2024,2024
RMD,ResMed Inc.,health,0.13058529300341812,2024,2024
RMD,ResMed Inc.,healthcare,0.08639300089657323,2024,2024
RMD,ResMed Inc.,patient,0.1717093720477949,2024,2024
RMD,ResMed Inc.,patients,0.5221173065958126,2024,2024
RMD,ResMed Inc.,saas,0.06405731408468719,2024,2024
RMD,ResMed Inc.,software,0.05604300607338781,2024,2024
RMD,ResMed Inc.,therapies,0.06525345782523258,2024,2024
RMD,ResMed Inc.,therapy,0.1922255955316946,2024,2024
ROK,"Rockwell Automation, Inc.",adjusted eps,0.08726195303310966,2024,2024
ROK,"Rockwell Automation, Inc.",backlog,0.08884766287911205,2024,2024
ROK,"Rockwell Automation, Inc.",beverage,0.13467722789765404,2024,2024
ROK,"Rockwell Automation, Inc.",eps,0.10252821902985204,2024,2024
ROK,"Rockwell Automation, Inc.",food,0.09743712073108206,2024,2024
ROK,"Rockwell Automation, Inc.",inventory,0.15193162355038806,2024,2024
ROK,"Rockwell Automation, Inc.",life sciences,0.08616523615726358,2024,2024
ROK,"Rockwell Automation, Inc.",orders,0.23086973450608894,2024,2024
ROK,"Rockwell Automation, Inc.",organic sales,0.12379733651147372,2024,2024
ROK,"Rockwell Automation, Inc.",software,0.1477002983363936,2024,2024
ROL,"Rollins, Inc.",advertising,0.09408642729534562,2024,2024
ROL,"Rollins, Inc.",cash flow,0.08498567840087548,2024,2024
ROL,"Rollins, Inc.",gross,0.06545566841304198,2024,2024
ROL,"Rollins, Inc.",growth investments,0.08638238810528,2024,2024
ROL,"Rollins, Inc.",marketing,0.09817004978739685,2024,2024
ROL,"Rollins, Inc.",organic growth,0.20620742560851135,2024,2024
ROL,"Rollins, Inc.",recurring,0.09894281039864866,2024,2024
ROL,"Rollins, Inc.",residential,0.2577486831500852,2024,2024
ROL,"Rollins, Inc.",revenue growth,0.07253204493411423,2024,2024
ROP,"Roper Technologies, Inc.",bookings,0.22139103616226424,2024,2024
ROP,"Roper Technologies, Inc.",capital deployment,0.08170673685110376,2024,2024
ROP,"Roper Technologies, Inc.",cash flow,0.1349646820097481,2024,2024
ROP,"Roper Technologies, Inc.",ebitda,0.12540324720871684,2024,2024
ROP,"Roper Technologies, Inc.",foundry,0.19646940327667428,2024,2024
ROP,"Roper Technologies, Inc.",freight,0.14236397434867248,2024,2024
ROP,"Roper Technologies, Inc.",network,0.09697508855704401,2024,2024
ROP,"Roper Technologies, Inc.",organic growth,0.11931454815474983,2024,2024
ROP,"Roper Technologies, Inc.",organic revenue,0.14753322912841785,2024,2024
ROP,"Roper Technologies, Inc.",saas,0.07463007169681726,2024,2024
ROP,"Roper Technologies, Inc.",software,0.33229468072593543,2024,2024
ROST,"Ross Stores, Inc.",apparel,0.1478445913952337,2024,2024
ROST,"Ross Stores, Inc.",freight,0.12656003643628316,2024,2024
ROST,"Ross Stores, Inc.",merchandise,0.31840407933349096,2024,2024
ROST,"Ross Stores, Inc.",merchandising,0.07865514017151554,2024,2024
ROST,"Ross Stores, Inc.",store,0.20443017337086714,2024,2024
ROST,"Ross Stores, Inc.",store sales,0.11038893817427371,2024,2024
ROST,"Ross Stores, Inc.",stores,0.24440437212215482,2024,2024
ROST,"Ross Stores, Inc.",traffic,0.07240208162043894,2024,2024
RSG,"Republic Services, Inc.",adjusted ebitda,0.0957615626761861,2024,2024
RSG,"Republic Services, Inc.",construction,0.11269440483282366,2024,2024
RSG,"Republic Services, Inc.",ebitda,0.19718551420668862,2024,2024
RSG,"Republic Services, Inc.",ebitda margin,0.14711720598740788,2024,2024
RSG,"Republic Services, Inc.",inflation,0.08720457851087135,2024,2024
RSG,"Republic Services, Inc.",margin expansion,0.12983949860321242,2024,2024
RSG,"Republic Services, Inc.",residential,0.08197189472057129,2024,2024
RSG,"Republic Services, Inc.",total revenue,0.08043905718988481,2024,2024
RTX,RTX Corporation,backlog,0.12071886014743598,2024,2024
RTX,RTX Corporation,operating profit,0.11378545941232858,2024,2024
RTX,RTX Corporation,production,0.06670897549597128,2024,2024
RTX,RTX Corporation,productivity,0.08586260649527101,2024,2024
RTX,RTX Corporation,profit,0.09208387268718014,2024,2024
RTX,RTX Corporation,supply chain,0.06768048733258884,2024,2024
RVTY,"Revvity, Inc.",biotech,0.2664511728756696,2024,2024
RVTY,"Revvity, Inc.",diagnostics,0.23536756094181613,2024,2024
RVTY,"Revvity, Inc.",life science,0.07884930900800495,2024,2024
RVTY,"Revvity, Inc.",life sciences,0.3436776074207221,2024,2024
RVTY,"Revvity, Inc.",market environment,0.06506572156670443,2024,2024
RVTY,"Revvity, Inc.",organic growth,0.0773592878491999,2024,2024
RVTY,"Revvity, Inc.",pharma,0.31549305574697584,2024,2024
RVTY,"Revvity, Inc.",software,0.0888722968407358,2024,2024
SBAC,SBA Communications Corporation,affo,0.0961965208841569,2024,2024
SBAC,SBA Communications Corporation,churn,0.3116636521107554,2024,2024
SBAC,SBA Communications Corporation,debt,0.10989229756078607,2024,2024
SBAC,SBA Communications Corporation,ebitda,0.07046288255272705,2024,2024
SBAC,SBA Communications Corporation,lease,0.09386762206678834,2024,2024
SBAC,SBA Communications Corporation,leases,0.190940842898407,2024,2024
SBAC,SBA Communications Corporation,leasing,0.34076480039132706,2024,2024
SBAC,SBA Communications Corporation,network,0.08555539168828738,2024,2024
SBUX,Starbucks Corporation,beverage,0.17469386087518862,2024,2024
SBUX,Starbucks Corporation,efficiencies,0.05994169552820909,2024,2024
SBUX,Starbucks Corporation,food,0.09111736561286023,2024,2024
SBUX,Starbucks Corporation,store,0.3521674761034549,2024,2024
SBUX,Starbucks Corporation,store sales,0.07207187938071893,2024,2024
SBUX,Starbucks Corporation,stores,0.41757653065305267,2024,2024
SBUX,Starbucks Corporation,throughput,0.07378714781581958,2024,2024
SBUX,Starbucks Corporation,traffic,0.07812783843501836,2024,2024
SCHW,The Charles Schwab Corporation,bank,0.0690984151987494,2024,2024
SCHW,The Charles Schwab Corporation,client,0.4646651249004263,2024,2024
SCHW,The Charles Schwab Corporation,client base,0.06083062819304932,2024,2024
SCHW,The Charles Schwab Corporation,clients,0.6783216784683624,2024,2024
SCHW,The Charles Schwab Corporation,deposit,0.0794224190449275,2024,2024
SCHW,The Charles Schwab Corporation,deposits,0.05042168622263909,2024,2024
SCHW,The Charles Schwab Corporation,funds,0.05667291831821362,2024,2024
SCHW,The Charles Schwab Corporation,organic growth,0.053047319042013256,2024,2024
SCHW,The Charles Schwab Corporation,retail,0.0766384877710154,2024,2024
SCHW,The Charles Schwab Corporation,trading,0.07530919010394359,2024,2024
SCHW,The Charles Schwab Corporation,transactional,0.09058524438743916,2024,2024
SHW,The Sherwin-Williams Company,consumer,0.12285828845432945,2024,2024
SHW,The Sherwin-Williams Company,gross margin,0.07378644184251315,2024,2024
SHW,The Sherwin-Williams Company,industrial,0.08848142535917815,2024,2024
SHW,The Sherwin-Williams Company,residential,0.08553775822791594,2024,2024
SHW,The Sherwin-Williams Company,store,0.07375609842216194,2024,2024
SHW,The Sherwin-Williams Company,stores,0.34291575889180737,2024,2024
SJM,The J. M. Smucker Company,consumer,0.06435180320142447,2024,2024
SJM,The J. M. Smucker Company,food,0.07486710505132844,2024,2024
SJM,The J. M. Smucker Company,manufacturing,0.09639938600007322,2024,2024
SJM,The J. M. Smucker Company,marketing,0.09602800185040002,2024,2024
SJM,The J. M. Smucker Company,net sales,0.27301011719335727,2024,2024
SJM,The J. M. Smucker Company,profit,0.07864852202092266,2024,2024
SJM,The J. M. Smucker Company,snacks,0.14100240369400044,2024,2024
SLB,Schlumberger Limited,ai,0.07685526097831838,2024,2024
SLB,Schlumberger Limited,cloud,0.07400861313587652,2024,2024
SLB,Schlumberger Limited,digital,0.38131391415075544,2024,2024
SLB,Schlumberger Limited,ebitda,0.10752309771552297,2024,2024
SLB,Schlumberger Limited,gas,0.28269338077048417,2024,2024
SLB,Schlumberger Limited,margin expansion,0.10766967951282322,2024,2024
SLB,Schlumberger Limited,offshore,0.26902519415195913,2024,2024
SLB,Schlumberger Limited,oil,0.22840141326775076,2024,2024
SLB,Schlumberger Limited,oil gas,0.12361378685788214,2024,2024
SLB,Schlumberger Limited,production,0.20441206276467497,2024,2024
SLB,Schlumberger Limited,rig,0.09084030484849569,2024,2024
SLB,Schlumberger Limited,rigs,0.10965374789904558,2024,2024
SLB,Schlumberger Limited,upstream,0.08464467219901292,2024,2024
SMCI,"Super Micro Computer, Inc.",ai,0.16777292765606544,2024,2024
SMCI,"Super Micro Computer, Inc.",capacity,0.07961953088585388,2024,2024
SMCI,"Super Micro Computer, Inc.",expenses,0.07412413709954117,2024,2024
SMCI,"Super Micro Computer, Inc.",gpu,0.11830325942192478,2024,2024
SMCI,"Super Micro Computer, Inc.",gross,0.09748914465357095,2024,2024
SMCI,"Super Micro Computer, Inc.",gross margin,0.07260937370001838,2024,2024
SMCI,"Super Micro Computer, Inc.",gross margins,0.06782057078420481,2024,2024
SMCI,"Super Micro Computer, Inc.",inventory,0.06639206568524467,2024,2024
SMCI,"Super Micro Computer, Inc.",operating expenses,0.06251472463668004,2024,2024
SMCI,"Super Micro Computer, Inc.",revenues,0.12724740871193244,2024,2024
SNA,Snap-on Incorporated,diagnostic,0.08986003357309484,2024,2024
SNA,Snap-on Incorporated,diagnostics,0.14535122598478528,2024,2024
SNA,Snap-on Incorporated,gross,0.09376586339137573,2024,2024
SNA,Snap-on Incorporated,gross margin,0.08053701702908787,2024,2024
SNA,Snap-on Incorporated,operating earnings,0.1505722922141497,2024,2024
SNA,Snap-on Incorporated,organic sales,0.07699618009040327,2024,2024
SNA,Snap-on Incorporated,software,0.08033811510106803,2024,2024
SNA,Snap-on Incorporated,vehicle,0.11382413081292558,2024,2024
SNPS,"Synopsys, Inc.",ai,0.32469356187372883,2024,2024
SNPS,"Synopsys, Inc.",automation,0.07141203647965481,2024,2024
SNPS,"Synopsys, Inc.",automotive,0.1265663165641694,2024,2024
SNPS,"Synopsys, Inc.",chip,0.19271355132977652,2024,2024
SNPS,"Synopsys, Inc.",chips,0.08121698314799085,2024,2024
SNPS,"Synopsys, Inc.",foundry,0.06797320696918298,2024,2024
SNPS,"Synopsys, Inc.",gaap earnings,0.09140933149147555,2024,2024
SNPS,"Synopsys, Inc.",gaap eps,0.061555223740149365,2024,2024
SNPS,"Synopsys, Inc.",operating margin,0.08129564152809182,2024,2024
SNPS,"Synopsys, Inc.",semiconductor,0.11042913942073362,2024,2024
SNPS,"Synopsys, Inc.",software,0.15592439848537198,2024,2024
SO,The Southern Company,data center,0.09633721722557964,2024,2024
SO,The Southern Company,data centers,0.1402215606400391,2024,2024
SO,The Southern Company,gas,0.2182590541002602,2024,2024
SO,The Southern Company,gigawatts,0.14738500207219107,2024,2024
SO,The Southern Company,megawatts,0.13147736224295398,2024,2024
SO,The Southern Company,natural gas,0.1293859177818449,2024,2024
SO,The Southern Company,power,0.1877047070182701,2024,2024
SO,The Southern Company,utilities,0.09992605681976029,2024,2024
SO,The Southern Company,utility,0.0759080557219688,2024,2024
SOLV,Solventum Corporation,capacity,0.06662070493434853,2024,2024
SOLV,Solventum Corporation,gross,0.06371068704388153,2024,2024
SOLV,Solventum Corporation,manufacturing,0.06839209947180981,2024,2024
SOLV,Solventum Corporation,sales growth,0.06007255695063754,2024,2024
SOLV,Solventum Corporation,supply,0.060967295698132654,2024,2024
SOLV,Solventum Corporation,therapy,0.06766136451816698,2024,2024
SPG,"Simon Property Group, Inc.",consumer,0.12691142815284315,2024,2024
SPG,"Simon Property Group, Inc.",ffo,0.11109635396664606,2024,2024
SPG,"Simon Property Group, Inc.",leases,0.09408716915178074,2024,2024
SPG,"Simon Property Group, Inc.",leasing,0.21173740976463318,2024,2024
SPG,"Simon Property Group, Inc.",luxury,0.08771885201347338,2024,2024
SPG,"Simon Property Group, Inc.",noi,0.23572351286134008,2024,2024
SPG,"Simon Property Group, Inc.",occupancy,0.2550354921270602,2024,2024
SPG,"Simon Property Group, Inc.",pricing power,0.07527485091079261,2024,2024
SPG,"Simon Property Group, Inc.",properties,0.09247786307384838,2024,2024
SPG,"Simon Property Group, Inc.",property,0.09367378380489892,2024,2024
SPG,"Simon Property Group, Inc.",real estate,0.09923450897636327,2024,2024
SPG,"Simon Property Group, Inc.",rent,0.08818236197677363,2024,2024
SPG,"Simon Property Group, Inc.",retail,0.12034399003388813,2024,2024
SPG,"Simon Property Group, Inc.",retailer,0.1872693335741776,2024,2024
SPG,"Simon Property Group, Inc.",retailers,0.30134067027239897,2024,2024
SPG,"Simon Property Group, Inc.",tenants,0.12278701895648549,2024,2024
SPGI,S&P Global Inc.,ai,0.13805598146475745,2024,2024
SPGI,S&P Global Inc.,clients,0.09520381870116686,2024,2024
SPGI,S&P Global Inc.,energy,0.08749034202491025,2024,2024
SPGI,S&P Global Inc.,energy transition,0.13117275800501188,2024,2024
SPGI,S&P Global Inc.,generative ai,0.08134692581218171,2024,2024
SPGI,S&P Global Inc.,revenue growth,0.10699175222239726,2024,2024
SPGI,S&P Global Inc.,revenue increased,0.09908297763191919,2024,2024
SPGI,S&P Global Inc.,subscription,0.1278579872478098,2024,2024
SRE,Sempra,capital plan,0.21270855385132137,2024,2024
SRE,Sempra,energy,0.09500811994322456,2024,2024
SRE,Sempra,equity,0.08892942346588978,2024,2024
SRE,Sempra,gigawatts,0.17913780673713936,2024,2024
SRE,Sempra,infrastructure,0.10956985374966643,2024,2024
SRE,Sempra,lng,0.2192623433990455,2024,2024
SRE,Sempra,port,0.16860897163432076,2024,2024
SRE,Sempra,utilities,0.08437874100533761,2024,2024
SRE,Sempra,utility,0.09133916206048591,2024,2024
STE,STERIS plc,adjusted earnings,0.07317107226253193,2024,2024
STE,STERIS plc,backlog,0.1398857068951311,2024,2024
STE,STERIS plc,ebit,0.10650106587903471,2024,2024
STE,STERIS plc,equipment,0.13265703125166137,2024,2024
STE,STERIS plc,healthcare,0.37361660736241475,2024,2024
STE,STERIS plc,inventory,0.10400343332848631,2024,2024
STE,STERIS plc,life sciences,0.1526201720049773,2024,2024
STE,STERIS plc,organic revenue,0.16911057908246177,2024,2024
STE,STERIS plc,revenue growth,0.07821701811404734,2024,2024
STLD,"Steel Dynamics, Inc.",automotive,0.05929812319391479,2024,2024
STLD,"Steel Dynamics, Inc.",capacity,0.03988609456054209,2024,2024
STLD,"Steel Dynamics, Inc.",cash generation,0.041120208991336615,2024,2024
STLD,"Steel Dynamics, Inc.",construction,0.06729922763253679,2024,2024
STLD,"Steel Dynamics, Inc.",ebitda,0.04761020840028388,2024,2024
STLD,"Steel Dynamics, Inc.",product mix,0.053656882072349546,2024,2024
STLD,"Steel Dynamics, Inc.",production,0.0423258946941109,2024,2024
STLD,"Steel Dynamics, Inc.",supply,0.04853542182567902,2024,2024
STLD,"Steel Dynamics, Inc.",utilization,0.06345355748210611,2024,2024
STT,State Street Corporation,client,0.27705470567522655,2024,2024
STT,State Street Corporation,clients,0.2716820063808225,2024,2024
STT,State Street Corporation,deposit,0.2271407108763082,2024,2024
STT,State Street Corporation,deposits,0.26281334299091824,2024,2024
STT,State Street Corporation,etf,0.08857349363030591,2024,2024
STT,State Street Corporation,etfs,0.06182290903069051,2024,2024
STX,Seagate Technology Holdings plc,ai,0.1307409093261839,2024,2024
STX,Seagate Technology Holdings plc,capacity,0.26866070049515167,2024,2024
STX,Seagate Technology Holdings plc,cloud,0.28842175900266154,2024,2024
STX,Seagate Technology Holdings plc,gross,0.19438442303186604,2024,2024
STX,Seagate Technology Holdings plc,gross margin,0.21823707671020845,2024,2024
STX,Seagate Technology Holdings plc,power,0.06648519996625038,2024,2024
STX,Seagate Technology Holdings plc,supply,0.09817416207351605,2024,2024
STZ,"Constellation Brands, Inc.",category,0.05265534453070974,2024,2024
STZ,"Constellation Brands, Inc.",consumer,0.07183668116072807,2024,2024
STZ,"Constellation Brands, Inc.",marketing,0.059453907806851315,2024,2024
STZ,"Constellation Brands, Inc.",net sales,0.16390692134168192,2024,2024
STZ,"Constellation Brands, Inc.",operating income,0.06169207006548085,2024,2024
STZ,"Constellation Brands, Inc.",sales growth,0.03873688120390658,2024,2024
SW,Smurfit Westrock Plc,adjusted ebitda,0.18694733136479239,2024,2024
SW,Smurfit Westrock Plc,capital allocation,0.06505225606451216,2024,2024
SW,Smurfit Westrock Plc,consumer,0.11165882743998842,2024,2024
SW,Smurfit Westrock Plc,ebitda,0.20502937298843438,2024,2024
SW,Smurfit Westrock Plc,ebitda margin,0.11393504376770945,2024,2024
SW,Smurfit Westrock Plc,prices,0.07048724837377053,2024,2024
SW,Smurfit Westrock Plc,volumes,0.0678540188656786,2024,2024
SWK,"Stanley Black & Decker, Inc.",adjusted gross,0.17752791732481413,2024,2024
SWK,"Stanley Black & Decker, Inc.",automotive,0.08783753048944605,2024,2024
SWK,"Stanley Black & Decker, Inc.",cash flow,0.0966163392194698,2024,2024
SWK,"Stanley Black & Decker, Inc.",ebitda,0.1003013346535468,2024,2024
SWK,"Stanley Black & Decker, Inc.",free cash,0.1013530580195531,2024,2024
SWK,"Stanley Black & Decker, Inc.",gross,0.20661638006738778,2024,2024
SWK,"Stanley Black & Decker, Inc.",gross margin,0.24969743806494302,2024,2024
SWK,"Stanley Black & Decker, Inc.",industrial,0.11345709469851487,2024,2024
SWK,"Stanley Black & Decker, Inc.",organic growth,0.1438534296815997,2024,2024
SWK,"Stanley Black & Decker, Inc.",organic revenue,0.15373264607939172,2024,2024
SWK,"Stanley Black & Decker, Inc.",supply,0.09931425198409106,2024,2024
SWK,"Stanley Black & Decker, Inc.",supply chain,0.12074096101788215,2024,2024
SWKS,"Skyworks Solutions, Inc.",ai,0.19373829510650456,2024,2024
SWKS,"Skyworks Solutions, Inc.",automotive,0.16137355630603767,2024,2024
SWKS,"Skyworks Solutions, Inc.",cash flow,0.10782943055770143,2024,2024
SWKS,"Skyworks Solutions, Inc.",cloud,0.07749515396560953,2024,2024
SWKS,"Skyworks Solutions, Inc.",free cash,0.07892921640703696,2024,2024
SWKS,"Skyworks Solutions, Inc.",gross,0.18957029926502197,2024,2024
SWKS,"Skyworks Solutions, Inc.",gross margin,0.14421642586434646,2024,2024
SWKS,"Skyworks Solutions, Inc.",gross margins,0.11657157066524543,2024,2024
SWKS,"Skyworks Solutions, Inc.",industrial,0.09703304978697695,2024,2024
SWKS,"Skyworks Solutions, Inc.",inventory,0.28981897893683234,2024,2024
SWKS,"Skyworks Solutions, Inc.",networking,0.08007325820296876,2024,2024
SYF,Synchrony Financial,charge,0.12210601783157582,2024,2024
SYF,Synchrony Financial,charge offs,0.13814550672091627,2024,2024
SYF,Synchrony Financial,consumer,0.1782664464628643,2024,2024
SYF,Synchrony Financial,credit,0.33357624975517297,2024,2024
SYF,Synchrony Financial,loan,0.12127784674310893,2024,2024
SYF,Synchrony Financial,net charge,0.16326287157926467,2024,2024
SYF,Synchrony Financial,payment,0.10342316398901608,2024,2024
SYF,Synchrony Financial,risk adjusted,0.08244432014996429,2024,2024
SYK,Stryker Corporation,high growth,0.0660119400124389,2024,2024
SYK,Stryker Corporation,medical,0.1548173435023612,2024,2024
SYK,Stryker Corporation,organic growth,0.06694151529454027,2024,2024
SYK,Stryker Corporation,organic sales,0.2307880576490592,2024,2024
SYK,Stryker Corporation,sales growth,0.2140247203850916,2024,2024
SYY,Sysco Corporation,food,0.10404462552534474,2024,2024
SYY,Sysco Corporation,gross,0.09246991272421017,2024,2024
SYY,Sysco Corporation,gross profit,0.1359114781044602,2024,2024
SYY,Sysco Corporation,inflation,0.09401735557234164,2024,2024
SYY,Sysco Corporation,productivity,0.11512661734568955,2024,2024
SYY,Sysco Corporation,profit,0.16597369761779407,2024,2024
SYY,Sysco Corporation,restaurant,0.264862302438555,2024,2024
SYY,Sysco Corporation,restaurants,0.11118603666090673,2024,2024
SYY,Sysco Corporation,retention,0.07801671152314571,2024,2024
SYY,Sysco Corporation,supply,0.09516649554998145,2024,2024
SYY,Sysco Corporation,supply chain,0.11629825768802263,2024,2024
SYY,Sysco Corporation,traffic,0.10458070172537705,2024,2024
SYY,Sysco Corporation,truck,0.09332487413881295,2024,2024
SYY,Sysco Corporation,volume growth,0.07512106921703866,2024,2024
T,AT&T Inc.,adjusted ebitda,0.05669621523374568,2024,2024
T,AT&T Inc.,churn,0.10014411601239273,2024,2024
T,AT&T Inc.,consumer,0.08324700758342664,2024,2024
T,AT&T Inc.,ebitda,0.15171327852639588,2024,2024
T,AT&T Inc.,free cash,0.059138330887504684,2024,2024
T,AT&T Inc.,network,0.0601052347227013,2024,2024
T,AT&T Inc.,revenues,0.06626676893711769,2024,2024
T,AT&T Inc.,service revenue,0.0864571051850966,2024,2024
TAP,Molson Coors Beverage Company,category,0.06521290648831632,2024,2024
TAP,Molson Coors Beverage Company,consumer,0.10956739306631225,2024,2024
TAP,Molson Coors Beverage Company,consumers,0.08256751208864498,2024,2024
TAP,Molson Coors Beverage Company,marketing,0.09002133048280676,2024,2024
TAP,Molson Coors Beverage Company,net sales,0.09187338232547677,2024,2024
TDG,TransDigm Group Incorporated,aerospace,0.1427443352928192,2024,2024
TDG,TransDigm Group Incorporated,aircraft,0.08059144785643871,2024,2024
TDG,TransDigm Group Incorporated,bookings,0.09845718285585393,2024,2024
TDG,TransDigm Group Incorporated,ebitda,0.1044989196573033,2024,2024
TDG,TransDigm Group Incorporated,freight,0.06717475900844998,2024,2024
TDG,TransDigm Group Incorporated,traffic,0.07632452665861342,2024,2024
TDY,Teledyne Technologies Incorporated,aerospace,0.15395802599085257,2024,2024
TDY,Teledyne Technologies Incorporated,cash flow,0.08503369057008817,2024,2024
TDY,Teledyne Technologies Incorporated,digital,0.14913896587395384,2024,2024
TDY,Teledyne Technologies Incorporated,free cash,0.06616602916899493,2024,2024
TDY,Teledyne Technologies Incorporated,gaap earnings,0.08773596948992814,2024,2024
TDY,Teledyne Technologies Incorporated,industrial,0.06470417889447078,2024,2024
TECH,Bio-Techne Corporation,biotech,0.2956811781317228,2024,2024
TECH,Bio-Techne Corporation,diagnostic,0.09619681679976272,2024,2024
TECH,Bio-Techne Corporation,diagnostics,0.1650315309263368,2024,2024
TECH,Bio-Techne Corporation,operating margin,0.07342729758083985,2024,2024
TECH,Bio-Techne Corporation,pharma,0.06780651238066504,2024,2024
TECH,Bio-Techne Corporation,therapy,0.21828500874718162,2024,2024
TEL,TE Connectivity plc,ai,0.16911924527364838,2024,2024
TEL,TE Connectivity plc,auto,0.21638080351031141,2024,2024
TEL,TE Connectivity plc,automotive,0.09896229970548077,2024,2024
TEL,TE Connectivity plc,equipment,0.1056572514871266,2024,2024
TEL,TE Connectivity plc,ev,0.14817570934848445,2024,2024
TEL,TE Connectivity plc,industrial,0.3184252516031406,2024,2024
TEL,TE Connectivity plc,orders,0.11335307022466905,2024,2024
TEL,TE Connectivity plc,production,0.17690506340299825,2024,2024
TEL,TE Connectivity plc,transportation,0.2738209224728637,2024,2024
TEL,TE Connectivity plc,vehicle,0.13893118057274878,2024,2024
TER,"Teradyne, Inc.",ai,0.19737146547555023,2024,2024
TER,"Teradyne, Inc.",auto,0.06212752659858411,2024,2024
TER,"Teradyne, Inc.",automation,0.06124403333643384,2024,2024
TER,"Teradyne, Inc.",automotive,0.062841941103506,2024,2024
TER,"Teradyne, Inc.",capacity,0.04803385975459732,2024,2024
TER,"Teradyne, Inc.",compute,0.3764776913804435,2024,2024
TER,"Teradyne, Inc.",dram,0.10502972031728848,2024,2024
TER,"Teradyne, Inc.",hbm,0.31543972449263974,2024,2024
TER,"Teradyne, Inc.",industrial,0.1515039090549741,2024,2024
TER,"Teradyne, Inc.",memory,0.2697048704272118,2024,2024
TER,"Teradyne, Inc.",networking,0.0784705413042561,2024,2024
TER,"Teradyne, Inc.",opex,0.07054364326045959,2024,2024
TER,"Teradyne, Inc.",robotics,0.37784482092386273,2024,2024
TER,"Teradyne, Inc.",semiconductor,0.08490854597523735,2024,2024
TER,"Teradyne, Inc.",utilization,0.05742747053886787,2024,2024
TFC,Truist Financial Corporation,banking,0.2248009508956837,2024,2024
TFC,Truist Financial Corporation,cet1,0.11678063208262732,2024,2024
TFC,Truist Financial Corporation,charge offs,0.09314083602334935,2024,2024
TFC,Truist Financial Corporation,client,0.13489888691023838,2024,2024
TFC,Truist Financial Corporation,clients,0.1885213049200915,2024,2024
TFC,Truist Financial Corporation,consumer,0.08688526568264536,2024,2024
TFC,Truist Financial Corporation,deposit,0.19396548265036082,2024,2024
TFC,Truist Financial Corporation,deposits,0.12230028432829877,2024,2024
TFC,Truist Financial Corporation,digital,0.08190726765392196,2024,2024
TFC,Truist Financial Corporation,expenses,0.0776640732939583,2024,2024
TFC,Truist Financial Corporation,loan,0.18397862287382424,2024,2024
TFC,Truist Financial Corporation,loans,0.14633106405412322,2024,2024
TFC,Truist Financial Corporation,net charge,0.09737451038804706,2024,2024
TFC,Truist Financial Corporation,net income,0.09647081526364525,2024,2024
TGT,Target Corporation,apparel,0.2538206829724699,2024,2024
TGT,Target Corporation,categories,0.10759854695757673,2024,2024
TGT,Target Corporation,consumer,0.09343229553478784,2024,2024
TGT,Target Corporation,consumers,0.1932029575075548,2024,2024
TGT,Target Corporation,digital,0.1347705235259659,2024,2024
TGT,Target Corporation,food,0.08171142614180153,2024,2024
TGT,Target Corporation,inventory,0.06688058040705673,2024,2024
TGT,Target Corporation,store,0.11859166564428014,2024,2024
TGT,Target Corporation,stores,0.21075559267634592,2024,2024
TGT,Target Corporation,traffic,0.07756952050869859,2024,2024
TJX,"The TJX Companies, Inc.",apparel,0.164019560397959,2024,2024
TJX,"The TJX Companies, Inc.",categories,0.0714116853822962,2024,2024
TJX,"The TJX Companies, Inc.",freight,0.294558805954239,2024,2024
TJX,"The TJX Companies, Inc.",market share,0.08272493119975186,2024,2024
TJX,"The TJX Companies, Inc.",merchandise,0.2518639183115888,2024,2024
TJX,"The TJX Companies, Inc.",profit,0.14321046806349452,2024,2024
TJX,"The TJX Companies, Inc.",profit margin,0.2506097320378618,2024,2024
TJX,"The TJX Companies, Inc.",store,0.2863584596194785,2024,2024
TJX,"The TJX Companies, Inc.",store sales,0.14844371328579453,2024,2024
TJX,"The TJX Companies, Inc.",stores,0.3286587690862575,2024,2024
TJX,"The TJX Companies, Inc.",traffic,0.16497367183151349,2024,2024
TKO,"TKO Group Holdings, Inc.",adjusted ebitda,0.11193819245590039,2024,2024
TKO,"TKO Group Holdings, Inc.",ebitda,0.08715808288890271,2024,2024
TKO,"TKO Group Holdings, Inc.",ebitda margin,0.03959458200173075,2024,2024
TKO,"TKO Group Holdings, Inc.",revenue increased,0.030969295594662376,2024,2024
TMO,Thermo Fisher Scientific Inc.,adjusted eps,0.1302772850739866,2024,2024
TMO,Thermo Fisher Scientific Inc.,biotech,0.21223109641916307,2024,2024
TMO,Thermo Fisher Scientific Inc.,clinical,0.1698989850565287,2024,2024
TMO,Thermo Fisher Scientific Inc.,diagnostics,0.11253195697087956,2024,2024
TMO,Thermo Fisher Scientific Inc.,eps,0.09701310546468636,2024,2024
TMO,Thermo Fisher Scientific Inc.,growth strategy,0.0797052297410898,2024,2024
TMO,Thermo Fisher Scientific Inc.,operating income,0.0861129905417818,2024,2024
TMO,Thermo Fisher Scientific Inc.,operating margin,0.08198386879483825,2024,2024
TMO,Thermo Fisher Scientific Inc.,organic revenue,0.1806685917142476,2024,2024
TMO,Thermo Fisher Scientific Inc.,pharma,0.2433474216694513,2024,2024
TMO,Thermo Fisher Scientific Inc.,therapies,0.0945688862743986,2024,2024
TMUS,"T-Mobile US, Inc.",ai,0.060356439810056416,2024,2024
TMUS,"T-Mobile US, Inc.",capacity,0.05842475808492885,2024,2024
TMUS,"T-Mobile US, Inc.",capital markets,0.0695526631480136,2024,2024
TMUS,"T-Mobile US, Inc.",churn,0.10776068993886281,2024,2024
TMUS,"T-Mobile US, Inc.",ebitda,0.06996514431063162,2024,2024
TMUS,"T-Mobile US, Inc.",network,0.22452021894562696,2024,2024
TMUS,"T-Mobile US, Inc.",service revenue,0.12439800765689206,2024,2024
TPL,Texas Pacific Land Corporation,barrels,0.15957927121380383,2024,2024
TPL,Texas Pacific Land Corporation,gas,0.1744022804997616,2024,2024
TPL,Texas Pacific Land Corporation,midstream,0.04856705095359968,2024,2024
TPL,Texas Pacific Land Corporation,natural gas,0.0578624185261906,2024,2024
TPL,Texas Pacific Land Corporation,oil,0.2536341990833125,2024,2024
TPL,Texas Pacific Land Corporation,oil gas,0.15252232840024826,2024,2024
TPL,Texas Pacific Land Corporation,prices,0.04620262328263866,2024,2024
TPL,Texas Pacific Land Corporation,production,0.07020451868415466,2024,2024
TPL,Texas Pacific Land Corporation,volumes,0.05672378913403023,2024,2024
TPR,"Tapestry, Inc.",consumer,0.19282835460725298,2024,2024
TPR,"Tapestry, Inc.",consumers,0.21407272842282488,2024,2024
TPR,"Tapestry, Inc.",freight,0.06302828746742983,2024,2024
TPR,"Tapestry, Inc.",gross,0.1549780370995814,2024,2024
TPR,"Tapestry, Inc.",gross margin,0.1844357596354554,2024,2024
TPR,"Tapestry, Inc.",luxury,0.08640424528277507,2024,2024
TPR,"Tapestry, Inc.",marketing,0.09755881254364909,2024,2024
TRGP,Targa Resources Corp.,barrels,0.10874902413637583,2024,2024
TRGP,Targa Resources Corp.,capital spending,0.06448677542936589,2024,2024
TRGP,Targa Resources Corp.,ebitda,0.0879500067603789,2024,2024
TRGP,Targa Resources Corp.,gas,0.20928286407385854,2024,2024
TRGP,Targa Resources Corp.,natural gas,0.0638417959434589,2024,2024
TRGP,Targa Resources Corp.,online,0.12251732748504983,2024,2024
TRGP,Targa Resources Corp.,transportation,0.09034454759897484,2024,2024
TRGP,Targa Resources Corp.,volume growth,0.09196175015723886,2024,2024
TRGP,Targa Resources Corp.,volumes,0.2227307608472324,2024,2024
TRMB,Trimble Inc.,bookings,0.24589579450625837,2024,2024
TRMB,Trimble Inc.,construction,0.17171091826543017,2024,2024
TRMB,Trimble Inc.,freight,0.08654712079474335,2024,2024
TRMB,Trimble Inc.,software,0.09866662785167461,2024,2024
TRMB,Trimble Inc.,transportation,0.1501818807325114,2024,2024
TROW,"T. Rowe Price Group, Inc.",aum,0.1239458948472419,2024,2024
TROW,"T. Rowe Price Group, Inc.",client,0.08668024140444466,2024,2024
TROW,"T. Rowe Price Group, Inc.",clients,0.22183888756519496,2024,2024
TROW,"T. Rowe Price Group, Inc.",equity,0.19590611171924563,2024,2024
TROW,"T. Rowe Price Group, Inc.",etf,0.315235422130817,2024,2024
TROW,"T. Rowe Price Group, Inc.",etfs,0.23026330391548672,2024,2024
TROW,"T. Rowe Price Group, Inc.",fixed income,0.23132156786436853,2024,2024
TROW,"T. Rowe Price Group, Inc.",funds,0.1322334347832401,2024,2024
TROW,"T. Rowe Price Group, Inc.",private credit,0.09939748805629277,2024,2024
TRV,"The Travelers Companies, Inc.",auto,0.2047700968682983,2024,2024
TRV,"The Travelers Companies, Inc.",loss,0.09216094741930664,2024,2024
TRV,"The Travelers Companies, Inc.",losses,0.09557723258446763,2024,2024
TRV,"The Travelers Companies, Inc.",new business,0.12300471550564133,2024,2024
TRV,"The Travelers Companies, Inc.",property,0.14414612084755693,2024,2024
TRV,"The Travelers Companies, Inc.",retention,0.12233205710247065,2024,2024
TRV,"The Travelers Companies, Inc.",travelers,0.1930062653664603,2024,2024
TSCO,Tractor Supply Company,categories,0.10770589546000722,2024,2024
TSCO,Tractor Supply Company,category,0.07573976320751459,2024,2024
TSCO,Tractor Supply Company,gross,0.08334530334268704,2024,2024
TSCO,Tractor Supply Company,gross margin,0.09992580166336489,2024,2024
TSCO,Tractor Supply Company,inventory,0.08484308434593169,2024,2024
TSCO,Tractor Supply Company,retail,0.10022174071501792,2024,2024
TSCO,Tractor Supply Company,store,0.1892260318140938,2024,2024
TSCO,Tractor Supply Company,store sales,0.09288995571738609,2024,2024
TSCO,Tractor Supply Company,stores,0.29325750543459606,2024,2024
TSCO,Tractor Supply Company,supply,0.1533852560650309,2024,2024
TSLA,"Tesla, Inc.",ai,0.10044004366943489,2024,2024
TSLA,"Tesla, Inc.",compute,0.13524788242126937,2024,2024
TSLA,"Tesla, Inc.",energy,0.06310649139375635,2024,2024
TSLA,"Tesla, Inc.",factory,0.10850340226412439,2024,2024
TSLA,"Tesla, Inc.",gpus,0.04706182064173171,2024,2024
TSLA,"Tesla, Inc.",production,0.09244596272822062,2024,2024
TSLA,"Tesla, Inc.",vehicle,0.13582946204192978,2024,2024
TSLA,"Tesla, Inc.",vehicles,0.11724117183770454,2024,2024
TSN,"Tyson Foods, Inc.",capex,0.05956880470913565,2024,2024
TSN,"Tyson Foods, Inc.",consumer,0.07310409734922782,2024,2024
TSN,"Tyson Foods, Inc.",consumers,0.06003661313015761,2024,2024
TSN,"Tyson Foods, Inc.",food,0.10384428802587067,2024,2024
TSN,"Tyson Foods, Inc.",operational excellence,0.06350207756370549,2024,2024
TSN,"Tyson Foods, Inc.",profitability,0.06092844748604978,2024,2024
TSN,"Tyson Foods, Inc.",retail,0.06452013781721169,2024,2024
TSN,"Tyson Foods, Inc.",retention,0.06561594364250153,2024,2024
TSN,"Tyson Foods, Inc.",supply,0.087463745335785,2024,2024
TT,Trane Technologies plc,backlog,0.13868863894820405,2024,2024
TT,Trane Technologies plc,bookings,0.17511274073667554,2024,2024
TT,Trane Technologies plc,data center,0.0808661033123353,2024,2024
TT,Trane Technologies plc,data centers,0.1388290782377793,2024,2024
TT,Trane Technologies plc,hvac,0.5043188670940167,2024,2024
TT,Trane Technologies plc,organic revenue,0.07592305816996758,2024,2024
TT,Trane Technologies plc,residential,0.10242443326107438,2024,2024
TT,Trane Technologies plc,revenues,0.07508731785345676,2024,2024
TTWO,"Take-Two Interactive Software, Inc.",advertising,0.13412378616884174,2024,2024
TTWO,"Take-Two Interactive Software, Inc.",auto,0.22523630671941391,2024,2024
TTWO,"Take-Two Interactive Software, Inc.",bookings,0.21103704321949834,2024,2024
TTWO,"Take-Two Interactive Software, Inc.",consumer,0.10462582720404151,2024,2024
TTWO,"Take-Two Interactive Software, Inc.",factory,0.1015839340276097,2024,2024
TTWO,"Take-Two Interactive Software, Inc.",gaap net,0.06213732500351604,2024,2024
TTWO,"Take-Two Interactive Software, Inc.",online,0.10052760859816692,2024,2024
TTWO,"Take-Two Interactive Software, Inc.",operating expenses,0.06398974513328716,2024,2024
TXN,Texas Instruments Incorporated,automotive,0.3560112060092847,2024,2024
TXN,Texas Instruments Incorporated,capacity,0.09158688876828723,2024,2024
TXN,Texas Instruments Incorporated,cash flow,0.08729685152412639,2024,2024
TXN,Texas Instruments Incorporated,chips,0.07886809921447692,2024,2024
TXN,Texas Instruments Incorporated,factory,0.13444525064147483,2024,2024
TXN,Texas Instruments Incorporated,free cash,0.08882765421464608,2024,2024
TXN,Texas Instruments Incorporated,industrial,0.29341109065329324,2024,2024
TXN,Texas Instruments Incorporated,inventory,0.23246662026270995,2024,2024
TXT,Textron Inc.,aircraft,0.3479105194561597,2024,2024
TXT,Textron Inc.,aviation,0.5508695984695999,2024,2024
TXT,Textron Inc.,backlog,0.08558317530010393,2024,2024
TXT,Textron Inc.,factory,0.06737227277378986,2024,2024
TXT,Textron Inc.,industrial,0.08580667850081612,2024,2024
TXT,Textron Inc.,inventory,0.05514610245323842,2024,2024
TXT,Textron Inc.,production,0.08828040414767653,2024,2024
TXT,Textron Inc.,profit,0.08277329594741313,2024,2024
TXT,Textron Inc.,revenues,0.09550266823240972,2024,2024
TYL,"Tyler Technologies, Inc.",ai,0.07076703252401656,2024,2024
TYL,"Tyler Technologies, Inc.",client,0.10359677774881454,2024,2024
TYL,"Tyler Technologies, Inc.",clients,0.25547229992907894,2024,2024
TYL,"Tyler Technologies, Inc.",cloud,0.32567394851504816,2024,2024
TYL,"Tyler Technologies, Inc.",funds,0.06618775223218389,2024,2024
TYL,"Tyler Technologies, Inc.",payment,0.06621275860840058,2024,2024
TYL,"Tyler Technologies, Inc.",payments,0.11283692377245255,2024,2024
TYL,"Tyler Technologies, Inc.",revenues,0.13234504734772765,2024,2024
TYL,"Tyler Technologies, Inc.",saas,0.4275140241157646,2024,2024
TYL,"Tyler Technologies, Inc.",software,0.088020406736866,2024,2024
TYL,"Tyler Technologies, Inc.",transaction,0.06776913112419312,2024,2024
UAL,"United Airlines Holdings, Inc.",aircraft,0.38644843768537435,2024,2024
UAL,"United Airlines Holdings, Inc.",capacity,0.21345009992019978,2024,2024
UAL,"United Airlines Holdings, Inc.",economy,0.061366971309105976,2024,2024
UAL,"United Airlines Holdings, Inc.",network,0.0720556861726508,2024,2024
UAL,"United Airlines Holdings, Inc.",travel,0.06190428577193833,2024,2024
UBER,"Uber Technologies, Inc.",advertising,0.138538444919702,2024,2024
UBER,"Uber Technologies, Inc.",bookings,0.17291943448250313,2024,2024
UBER,"Uber Technologies, Inc.",consumers,0.0823294384968026,2024,2024
UBER,"Uber Technologies, Inc.",grocery,0.1898892401275462,2024,2024
UBER,"Uber Technologies, Inc.",gross,0.07784604262672466,2024,2024
UBER,"Uber Technologies, Inc.",marketplace,0.07802856639228237,2024,2024
UBER,"Uber Technologies, Inc.",platform,0.08632492965235643,2024,2024
UBER,"Uber Technologies, Inc.",supply,0.09435904239341299,2024,2024
UBER,"Uber Technologies, Inc.",utilization,0.07299944801808599,2024,2024
UDR,"UDR, Inc.",customer experience,0.08823766857715017,2024,2024
UDR,"UDR, Inc.",expense growth,0.07165998638509856,2024,2024
UDR,"UDR, Inc.",lease,0.31582525184646687,2024,2024
UDR,"UDR, Inc.",leasing,0.07520975270224338,2024,2024
UDR,"UDR, Inc.",new lease,0.1761420524652918,2024,2024
UDR,"UDR, Inc.",noi,0.24152794412236472,2024,2024
UDR,"UDR, Inc.",occupancy,0.31573056113499604,2024,2024
UDR,"UDR, Inc.",rent,0.21323486247370377,2024,2024
UDR,"UDR, Inc.",rent growth,0.12092162913175594,2024,2024
UDR,"UDR, Inc.",rents,0.0921867085446489,2024,2024
UDR,"UDR, Inc.",retention,0.07708107469623648,2024,2024
UDR,"UDR, Inc.",store,0.19271475446798272,2024,2024
UDR,"UDR, Inc.",supply,0.14239591941075194,2024,2024
UHS,"Universal Health Services, Inc.",health,0.05785890066832191,2024,2024
UHS,"Universal Health Services, Inc.",medicaid,0.3315499017857533,2024,2024
UHS,"Universal Health Services, Inc.",patient,0.09832967680969255,2024,2024
UHS,"Universal Health Services, Inc.",patients,0.1225535419297033,2024,2024
UHS,"Universal Health Services, Inc.",payments,0.0863522012442226,2024,2024
UHS,"Universal Health Services, Inc.",volumes,0.07865209946004069,2024,2024
ULTA,"Ulta Beauty, Inc.",category,0.13933807305814286,2024,2024
ULTA,"Ulta Beauty, Inc.",digital,0.057352220964849626,2024,2024
ULTA,"Ulta Beauty, Inc.",loyalty,0.09061714852316344,2024,2024
ULTA,"Ulta Beauty, Inc.",merchandise,0.08215167637536475,2024,2024
ULTA,"Ulta Beauty, Inc.",store,0.17933362232527397,2024,2024
ULTA,"Ulta Beauty, Inc.",stores,0.25523863212001857,2024,2024
UNH,UnitedHealth Group Incorporated,clients,0.0855896836694948,2024,2024
UNH,UnitedHealth Group Incorporated,clinical,0.07039781842374845,2024,2024
UNH,UnitedHealth Group Incorporated,consumer,0.07881970450618338,2024,2024
UNH,UnitedHealth Group Incorporated,consumers,0.10808341356387213,2024,2024
UNH,UnitedHealth Group Incorporated,health,0.1921543802591054,2024,2024
UNH,UnitedHealth Group Incorporated,healthcare,0.19221098534649594,2024,2024
UNH,UnitedHealth Group Incorporated,medicaid,0.16544391350369844,2024,2024
UNH,UnitedHealth Group Incorporated,medical,0.11350571005733948,2024,2024
UNH,UnitedHealth Group Incorporated,medicare,0.31909075766653094,2024,2024
UNH,UnitedHealth Group Incorporated,patients,0.2160259567257314,2024,2024
UNP,Union Pacific Corporation,freight,0.10431030227136945,2024,2024
UNP,Union Pacific Corporation,industrial,0.0700393713680763,2024,2024
UNP,Union Pacific Corporation,network,0.08646993217386105,2024,2024
UNP,Union Pacific Corporation,productivity,0.09449811562317953,2024,2024
UNP,Union Pacific Corporation,volumes,0.06709707448673462,2024,2024
UPS,"United Parcel Service, Inc.",healthcare,0.11447851435435495,2024,2024
UPS,"United Parcel Service, Inc.",logistics,0.07993996973267659,2024,2024
UPS,"United Parcel Service, Inc.",network,0.3332520330579021,2024,2024
UPS,"United Parcel Service, Inc.",operating margin,0.18102963061028787,2024,2024
UPS,"United Parcel Service, Inc.",operating profit,0.15789718664669586,2024,2024
UPS,"United Parcel Service, Inc.",profit,0.14224838435818601,2024,2024
UPS,"United Parcel Service, Inc.",volume growth,0.07669814931824402,2024,2024
URI,"United Rentals, Inc.",adjusted ebitda,0.10083393569536542,2024,2024
URI,"United Rentals, Inc.",capex,0.1490775044155655,2024,2024
URI,"United Rentals, Inc.",cash flow,0.06973746867977636,2024,2024
URI,"United Rentals, Inc.",ebitda,0.1488669287273231,2024,2024
URI,"United Rentals, Inc.",equipment,0.05842450775999523,2024,2024
URI,"United Rentals, Inc.",free cash,0.08386224015269458,2024,2024
URI,"United Rentals, Inc.",inflation,0.05895899536927071,2024,2024
URI,"United Rentals, Inc.",productivity,0.09005767389689753,2024,2024
URI,"United Rentals, Inc.",rent,0.15727012109741176,2024,2024
URI,"United Rentals, Inc.",total revenue,0.05960357408653394,2024,2024
USB,U.S. Bancorp,client,0.08579941128483921,2024,2024
USB,U.S. Bancorp,deposit,0.2878572542123844,2024,2024
USB,U.S. Bancorp,deposits,0.23404139451156383,2024,2024
USB,U.S. Bancorp,loan,0.23932794988539946,2024,2024
USB,U.S. Bancorp,loan growth,0.1851479431947203,2024,2024
USB,U.S. Bancorp,loans,0.10286749546777314,2024,2024
USB,U.S. Bancorp,mortgage,0.0888584362978439,2024,2024
USB,U.S. Bancorp,net income,0.11075329682694723,2024,2024
USB,U.S. Bancorp,payments,0.1282953009818417,2024,2024
V,Visa Inc.,client,0.07949490230815281,2024,2024
V,Visa Inc.,clients,0.143791448683566,2024,2024
V,Visa Inc.,commerce,0.07835282638890818,2024,2024
V,Visa Inc.,consumer,0.07314405060452707,2024,2024
V,Visa Inc.,credit,0.054299906522947264,2024,2024
V,Visa Inc.,net revenue,0.061593831980391846,2024,2024
V,Visa Inc.,payments,0.17228711785721562,2024,2024
V,Visa Inc.,travel,0.1200535259347614,2024,2024
V,Visa Inc.,volume growth,0.07021717987247826,2024,2024
VICI,VICI Properties Inc.,affo,0.11951181792866046,2024,2024
VICI,VICI Properties Inc.,credit,0.07188361605913576,2024,2024
VICI,VICI Properties Inc.,fund,0.0544784923162734,2024,2024
VICI,VICI Properties Inc.,hotel,0.05900255933596599,2024,2024
VICI,VICI Properties Inc.,lease,0.07996694424930467,2024,2024
VICI,VICI Properties Inc.,properties,0.07959835987612623,2024,2024
VICI,VICI Properties Inc.,property,0.07332879254900136,2024,2024
VICI,VICI Properties Inc.,real estate,0.14097805404151964,2024,2024
VICI,VICI Properties Inc.,rent,0.07099671971760789,2024,2024
VICI,VICI Properties Inc.,tenant,0.05342881522214423,2024,2024
VICI,VICI Properties Inc.,tenants,0.09018566243951945,2024,2024
VLO,Valero Energy Corporation,barrels,0.37740047476811467,2024,2024
VLO,Valero Energy Corporation,crude,0.2868309590092835,2024,2024
VLO,Valero Energy Corporation,gulf coast,0.1369300569947087,2024,2024
VLO,Valero Energy Corporation,oil,0.0851621462749179,2024,2024
VLO,Valero Energy Corporation,throughput,0.09494275521429021,2024,2024
VLTO,Veralto Corporation,beverage,0.0903520889751903,2024,2024
VLTO,Veralto Corporation,equipment,0.14588652444944133,2024,2024
VLTO,Veralto Corporation,food,0.13073698559449543,2024,2024
VLTO,Veralto Corporation,industrial,0.09818854689136826,2024,2024
VLTO,Veralto Corporation,margin expansion,0.08803120239182384,2024,2024
VLTO,Veralto Corporation,operating profit,0.17937750433335015,2024,2024
VLTO,Veralto Corporation,profit,0.12208026693495551,2024,2024
VLTO,Veralto Corporation,profit margin,0.16660196915886802,2024,2024
VLTO,Veralto Corporation,recurring,0.1193006677709285,2024,2024
VLTO,Veralto Corporation,recurring revenue,0.13670571649985566,2024,2024
VLTO,Veralto Corporation,sales growth,0.13746396564791555,2024,2024
VMC,Vulcan Materials Company,adjusted ebitda,0.1317364838523202,2024,2024
VMC,Vulcan Materials Company,construction,0.08479699531630294,2024,2024
VMC,Vulcan Materials Company,ebitda,0.11492598878428055,2024,2024
VMC,Vulcan Materials Company,gross,0.10717256906747313,2024,2024
VMC,Vulcan Materials Company,gross profit,0.19038260315522404,2024,2024
VMC,Vulcan Materials Company,profit,0.10490550197869593,2024,2024
VMC,Vulcan Materials Company,shipping,0.09287303620096435,2024,2024
VMC,Vulcan Materials Company,single family,0.1624051089744955,2024,2024
VMC,Vulcan Materials Company,volumes,0.09922044145223713,2024,2024
VRSK,"Verisk Analytics, Inc.",adjusted ebitda,0.13004197406195633,2024,2024
VRSK,"Verisk Analytics, Inc.",analytics,0.05497699692373213,2024,2024
VRSK,"Verisk Analytics, Inc.",auto,0.09850066439229933,2024,2024
VRSK,"Verisk Analytics, Inc.",clients,0.3913242247421893,2024,2024
VRSK,"Verisk Analytics, Inc.",ebitda,0.10472096332940188,2024,2024
VRSK,"Verisk Analytics, Inc.",property,0.10076013297321512,2024,2024
VRSK,"Verisk Analytics, Inc.",revenue growth,0.0832959632378701,2024,2024
VRSK,"Verisk Analytics, Inc.",revenues,0.05852159719895379,2024,2024
VRSK,"Verisk Analytics, Inc.",subscription,0.37742587339913386,2024,2024
VRSK,"Verisk Analytics, Inc.",transactional,0.3430246681445679,2024,2024
VRSN,"VeriSign, Inc.",infrastructure,0.06223060945757239,2024,2024
VRSN,"VeriSign, Inc.",marketing,0.14764854140554834,2024,2024
VRSN,"VeriSign, Inc.",operating income,0.10114178675543765,2024,2024
VRSN,"VeriSign, Inc.",retail,0.07637417353778801,2024,2024
VRTX,Vertex Pharmaceuticals Incorporated,clinical,0.096628969407696,2024,2024
VRTX,Vertex Pharmaceuticals Incorporated,disease,0.14115319854346473,2024,2024
VRTX,Vertex Pharmaceuticals Incorporated,medicines,0.08422404540000446,2024,2024
VRTX,Vertex Pharmaceuticals Incorporated,patient,0.09925195725280893,2024,2024
VRTX,Vertex Pharmaceuticals Incorporated,patients,0.6346569772406575,2024,2024
VRTX,Vertex Pharmaceuticals Incorporated,regulatory,0.05154469337394523,2024,2024
VRTX,Vertex Pharmaceuticals Incorporated,therapy,0.09086861770166617,2024,2024
VRTX,Vertex Pharmaceuticals Incorporated,trial,0.10069391448281209,2024,2024
VST,Vistra Corp.,adjusted ebitda,0.1483830449124079,2024,2024
VST,Vistra Corp.,capacity,0.07669139393548961,2024,2024
VST,Vistra Corp.,data center,0.08254950852809809,2024,2024
VST,Vistra Corp.,ebitda,0.12991147494702351,2024,2024
VST,Vistra Corp.,energy,0.08615506638940604,2024,2024
VST,Vistra Corp.,gas,0.1615869955142537,2024,2024
VST,Vistra Corp.,grid,0.1249357436606333,2024,2024
VST,Vistra Corp.,megawatts,0.09418411356248121,2024,2024
VST,Vistra Corp.,power,0.10134940537741573,2024,2024
VST,Vistra Corp.,retail,0.09051311609599026,2024,2024
VTR,"Ventas, Inc.",equity,0.03698382340629321,2024,2024
VTR,"Ventas, Inc.",ffo,0.05503947465060306,2024,2024
VTR,"Ventas, Inc.",lease,0.06792272222464721,2024,2024
VTR,"Ventas, Inc.",leasing,0.038851546031980294,2024,2024
VTR,"Ventas, Inc.",medical,0.03754602107991731,2024,2024
VTR,"Ventas, Inc.",noi,0.32938624278219775,2024,2024
VTR,"Ventas, Inc.",occupancy,0.44841847348190766,2024,2024
VTR,"Ventas, Inc.",platform,0.03189365205631107,2024,2024
VTR,"Ventas, Inc.",rent,0.053769107940114566,2024,2024
VTR,"Ventas, Inc.",revpar,0.040109202199421566,2024,2024
VTR,"Ventas, Inc.",store,0.09032504654048598,2024,2024
VTRS,Viatris Inc.,adjusted ebitda,0.1045173496564009,2024,2024
VTRS,Viatris Inc.,base business,0.3971921677760997,2024,2024
VTRS,Viatris Inc.,cash flow,0.09853579212635416,2024,2024
VTRS,Viatris Inc.,ebitda,0.16242627815171448,2024,2024
VTRS,Viatris Inc.,free cash,0.09927828398947543,2024,2024
VTRS,Viatris Inc.,medical,0.08387517010098144,2024,2024
VTRS,Viatris Inc.,patients,0.1239500342515914,2024,2024
VZ,Verizon Communications Inc.,adjusted ebitda,0.05910976262259007,2024,2024
VZ,Verizon Communications Inc.,ai,0.13121164324304904,2024,2024
VZ,Verizon Communications Inc.,cash flow,0.06590469710912471,2024,2024
VZ,Verizon Communications Inc.,churn,0.11178956206621109,2024,2024
VZ,Verizon Communications Inc.,consumer,0.10484437712500169,2024,2024
VZ,Verizon Communications Inc.,ebitda,0.09255605375073694,2024,2024
VZ,Verizon Communications Inc.,network,0.1765982733315571,2024,2024
VZ,Verizon Communications Inc.,service revenue,0.2097747040601744,2024,2024
WAB,Westinghouse Air Brake Technologies Corporation,backlog,0.2635431012810128,2024,2024
WAB,Westinghouse Air Brake Technologies Corporation,digital,0.09139809039072457,2024,2024
WAB,Westinghouse Air Brake Technologies Corporation,equipment,0.08875154741679954,2024,2024
WAB,Westinghouse Air Brake Technologies Corporation,freight,0.23477180745306278,2024,2024
WAB,Westinghouse Air Brake Technologies Corporation,operating income,0.08697270224099139,2024,2024
WAB,Westinghouse Air Brake Technologies Corporation,operating margin,0.08054923191147632,2024,2024
WAB,Westinghouse Air Brake Technologies Corporation,optimization,0.0823212347507551,2024,2024
WAB,Westinghouse Air Brake Technologies Corporation,orders,0.13711103358465462,2024,2024
WAB,Westinghouse Air Brake Technologies Corporation,productivity,0.08102379488404836,2024,2024
WAB,Westinghouse Air Brake Technologies Corporation,profitable growth,0.1268225048952244,2024,2024
WAT,Waters Corporation,orders,0.081316944725022,2024,2024
WAT,Waters Corporation,pharma,0.3956960227796112,2024,2024
WAT,Waters Corporation,recurring,0.10038374591773053,2024,2024
WAT,Waters Corporation,recurring revenue,0.06346425457757118,2024,2024
WBA,"Walgreens Boots Alliance, Inc.",adjusted ebitda,0.054599232168523255,2024,2024
WBA,"Walgreens Boots Alliance, Inc.",cash flow,0.05616981200662897,2024,2024
WBA,"Walgreens Boots Alliance, Inc.",health,0.08090692115903163,2024,2024
WBA,"Walgreens Boots Alliance, Inc.",healthcare,0.18398582753580267,2024,2024
WBA,"Walgreens Boots Alliance, Inc.",medicaid,0.07150627575291393,2024,2024
WBA,"Walgreens Boots Alliance, Inc.",patients,0.16802219880250338,2024,2024
WBA,"Walgreens Boots Alliance, Inc.",pharma,0.09304690255963957,2024,2024
WBA,"Walgreens Boots Alliance, Inc.",retail,0.2432783738536694,2024,2024
WBA,"Walgreens Boots Alliance, Inc.",retail sales,0.07102747942758822,2024,2024
WBA,"Walgreens Boots Alliance, Inc.",sales increased,0.051277250934549636,2024,2024
WBA,"Walgreens Boots Alliance, Inc.",store,0.11664834949325341,2024,2024
WBA,"Walgreens Boots Alliance, Inc.",stores,0.20739866589234515,2024,2024
WBD,"Warner Bros. Discovery, Inc.",advertising,0.11423244972223648,2024,2024
WBD,"Warner Bros. Discovery, Inc.",consumer,0.12973754623651407,2024,2024
WBD,"Warner Bros. Discovery, Inc.",ebitda,0.10408311217091391,2024,2024
WBD,"Warner Bros. Discovery, Inc.",streaming,0.2267325390855853,2024,2024
WDAY,"Workday, Inc.",ai,0.21876965474760274,2024,2024
WDAY,"Workday, Inc.",backlog,0.08394929646129422,2024,2024
WDAY,"Workday, Inc.",cloud,0.058658672120864154,2024,2024
WDAY,"Workday, Inc.",generative ai,0.05838310235321299,2024,2024
WDAY,"Workday, Inc.",platform,0.14254900748524812,2024,2024
WDAY,"Workday, Inc.",subscription,0.14558763526495128,2024,2024
WDC,Western Digital Corporation,ai,0.07896613881180065,2024,2024
WDC,Western Digital Corporation,capacity,0.08506709572172237,2024,2024
WDC,Western Digital Corporation,client,0.10746283502257889,2024,2024
WDC,Western Digital Corporation,cloud,0.10511592300709227,2024,2024
WDC,Western Digital Corporation,gross,0.1209871695709937,2024,2024
WDC,Western Digital Corporation,gross margin,0.13254636492610536,2024,2024
WDC,Western Digital Corporation,inventory,0.08280529741814217,2024,2024
WDC,Western Digital Corporation,profitability,0.08563679282252387,2024,2024
WDC,Western Digital Corporation,revenue billion,0.06169026383444003,2024,2024
WDC,Western Digital Corporation,supply,0.07545727642676156,2024,2024
WEC,"WEC Energy Group, Inc.",capital plan,0.12568598383205912,2024,2024
WEC,"WEC Energy Group, Inc.",economic,0.09957307150786421,2024,2024
WEC,"WEC Energy Group, Inc.",energy,0.07977609637175621,2024,2024
WEC,"WEC Energy Group, Inc.",equity,0.12537513784951887,2024,2024
WEC,"WEC Energy Group, Inc.",gas,0.29031788373987166,2024,2024
WEC,"WEC Energy Group, Inc.",megawatts,0.20910160244015732,2024,2024
WEC,"WEC Energy Group, Inc.",natural gas,0.14911258629076724,2024,2024
WELL,Welltower Inc.,balance sheet,0.049946383252023115,2024,2024
WELL,Welltower Inc.,debt,0.057313951455716605,2024,2024
WELL,Welltower Inc.,ffo,0.07082493295301912,2024,2024
WELL,Welltower Inc.,leasing,0.04117174857014338,2024,2024
WELL,Welltower Inc.,noi,0.30463164151620786,2024,2024
WELL,Welltower Inc.,occupancy,0.4253152373372633,2024,2024
WELL,Welltower Inc.,platform,0.10139499383359378,2024,2024
WELL,Welltower Inc.,properties,0.08496524510730762,2024,2024
WELL,Welltower Inc.,store,0.1389472706722858,2024,2024
WFC,Wells Fargo & Company,banking,0.2511119537993177,2024,2024
WFC,Wells Fargo & Company,charge offs,0.08463049143378892,2024,2024
WFC,Wells Fargo & Company,clients,0.09080750688072813,2024,2024
WFC,Wells Fargo & Company,commercial real,0.13709092501269085,2024,2024
WFC,Wells Fargo & Company,consumer,0.11426466673201367,2024,2024
WFC,Wells Fargo & Company,credit,0.20090509229209466,2024,2024
WFC,Wells Fargo & Company,credit card,0.17735868062462679,2024,2024
WFC,Wells Fargo & Company,deposit,0.34506469040660903,2024,2024
WFC,Wells Fargo & Company,deposits,0.2539574421909731,2024,2024
WFC,Wells Fargo & Company,loan,0.2126807397996001,2024,2024
WFC,Wells Fargo & Company,loans,0.16205735119094253,2024,2024
WFC,Wells Fargo & Company,losses,0.1055437503713837,2024,2024
WFC,Wells Fargo & Company,net income,0.13979728917934206,2024,2024
WFC,Wells Fargo & Company,real estate,0.08815448394244452,2024,2024
WFC,Wells Fargo & Company,trading,0.09959256221013608,2024,2024
WM,"Waste Management, Inc.",automation,0.09134018179683788,2024,2024
WM,"Waste Management, Inc.",ebitda,0.331597756591203,2024,2024
WM,"Waste Management, Inc.",ebitda margin,0.06646022043225674,2024,2024
WM,"Waste Management, Inc.",gas,0.07549134979916365,2024,2024
WM,"Waste Management, Inc.",industrial,0.07850739806042945,2024,2024
WM,"Waste Management, Inc.",prices,0.06893042397904352,2024,2024
WM,"Waste Management, Inc.",residential,0.1097310210826763,2024,2024
WM,"Waste Management, Inc.",truck,0.0724728961602643,2024,2024
WMB,"The Williams Companies, Inc.",adjusted ebitda,0.10432525765870691,2024,2024
WMB,"The Williams Companies, Inc.",affo,0.08761302870450101,2024,2024
WMB,"The Williams Companies, Inc.",capacity,0.1099717153175304,2024,2024
WMB,"The Williams Companies, Inc.",data center,0.08167665632433657,2024,2024
WMB,"The Williams Companies, Inc.",ebitda,0.12835113983234916,2024,2024
WMB,"The Williams Companies, Inc.",energy,0.08470505797837714,2024,2024
WMB,"The Williams Companies, Inc.",gas,0.468779335797656,2024,2024
WMB,"The Williams Companies, Inc.",infrastructure,0.06496738865558924,2024,2024
WMB,"The Williams Companies, Inc.",lng,0.13689479362435214,2024,2024
WMB,"The Williams Companies, Inc.",natural gas,0.27980433643082364,2024,2024
WMB,"The Williams Companies, Inc.",power,0.09605150292511597,2024,2024
WMB,"The Williams Companies, Inc.",power generation,0.12186787599294543,2024,2024
WMT,Walmart Inc.,advertising,0.1250986651187906,2024,2024
WMT,Walmart Inc.,apparel,0.06904442332975995,2024,2024
WMT,Walmart Inc.,categories,0.0966574148437071,2024,2024
WMT,Walmart Inc.,commerce,0.20648875196809474,2024,2024
WMT,Walmart Inc.,food,0.11872567486776438,2024,2024
WMT,Walmart Inc.,grocery,0.17535446321940948,2024,2024
WMT,Walmart Inc.,marketplace,0.0986424909233767,2024,2024
WMT,Walmart Inc.,merchandise,0.2828155904881624,2024,2024
WMT,Walmart Inc.,operating income,0.1263207477824037,2024,2024
WMT,Walmart Inc.,store,0.10660847098431749,2024,2024
WMT,Walmart Inc.,stores,0.17120774023448912,2024,2024
WRB,W. R. Berkley Corporation,auto,0.18476686031632739,2024,2024
WRB,W. R. Berkley Corporation,expense ratio,0.15285505679251515,2024,2024
WRB,W. R. Berkley Corporation,inflation,0.08989618115804056,2024,2024
WRB,W. R. Berkley Corporation,loss,0.17001208266853796,2024,2024
WRB,W. R. Berkley Corporation,loss ratio,0.20176867496612,2024,2024
WRB,W. R. Berkley Corporation,property,0.20066790582795951,2024,2024
WSM,"Williams-Sonoma, Inc.",advertising,0.09088564406313976,2024,2024
WSM,"Williams-Sonoma, Inc.",commerce,0.08483075584857448,2024,2024
WSM,"Williams-Sonoma, Inc.",customer service,0.10433697409581925,2024,2024
WSM,"Williams-Sonoma, Inc.",gross margin,0.07994101971188561,2024,2024
WSM,"Williams-Sonoma, Inc.",merchandise,0.1089378216764051,2024,2024
WSM,"Williams-Sonoma, Inc.",occupancy,0.10110029035060049,2024,2024
WSM,"Williams-Sonoma, Inc.",operating margin,0.19780762174446623,2024,2024
WSM,"Williams-Sonoma, Inc.",retail,0.12390399118529412,2024,2024
WSM,"Williams-Sonoma, Inc.",stores,0.16233593606099597,2024,2024
WSM,"Williams-Sonoma, Inc.",supply,0.13199325763947703,2024,2024
WSM,"Williams-Sonoma, Inc.",supply chain,0.16139061006556887,2024,2024
WST,"West Pharmaceutical Services, Inc.",capacity,0.09980483891654597,2024,2024
WST,"West Pharmaceutical Services, Inc.",capex,0.07821489364445913,2024,2024
WST,"West Pharmaceutical Services, Inc.",diluted eps,0.08025993258132422,2024,2024
WST,"West Pharmaceutical Services, Inc.",eps,0.09743764300771167,2024,2024
WST,"West Pharmaceutical Services, Inc.",manufacturing,0.20962112980848938,2024,2024
WST,"West Pharmaceutical Services, Inc.",organic sales,0.0847777379971164,2024,2024
WST,"West Pharmaceutical Services, Inc.",pharma,0.09616746600302936,2024,2024
WST,"West Pharmaceutical Services, Inc.",profit,0.08826929220258535,2024,2024
WST,"West Pharmaceutical Services, Inc.",profit margin,0.11681008572316993,2024,2024
WST,"West Pharmaceutical Services, Inc.",revenues,0.08313785440636175,2024,2024
WTW,Willis Towers Watson Public Limited Company,cash flow,0.1553143813916257,2024,2024
WTW,Willis Towers Watson Public Limited Company,client,0.24692084825124425,2024,2024
WTW,Willis Towers Watson Public Limited Company,clients,0.19048886326682404,2024,2024
WTW,Willis Towers Watson Public Limited Company,free cash,0.1736191149158536,2024,2024
WTW,Willis Towers Watson Public Limited Company,health,0.09849135451731575,2024,2024
WTW,Willis Towers Watson Public Limited Company,margin expansion,0.11043383272188177,2024,2024
WTW,Willis Towers Watson Public Limited Company,operating margin,0.11007058531271553,2024,2024
WTW,Willis Towers Watson Public Limited Company,organic growth,0.12702452279618537,2024,2024
WTW,Willis Towers Watson Public Limited Company,organic revenue,0.12137600724924791,2024,2024
WTW,Willis Towers Watson Public Limited Company,retention,0.0896270286137113,2024,2024
WTW,Willis Towers Watson Public Limited Company,revenue growth,0.0981633534237174,2024,2024
WY,Weyerhaeuser Company,adjusted ebitda,0.163605636200062,2024,2024
WY,Weyerhaeuser Company,ebitda,0.16449733747650044,2024,2024
WY,Weyerhaeuser Company,inventories,0.08023801666579672,2024,2024
WY,Weyerhaeuser Company,multifamily,0.06194116668285201,2024,2024
WY,Weyerhaeuser Company,prices,0.106597610003617,2024,2024
WY,Weyerhaeuser Company,production,0.06513249088685254,2024,2024
WY,Weyerhaeuser Company,real estate,0.06323351027375351,2024,2024
WY,Weyerhaeuser Company,single family,0.17213496121153737,2024,2024
WY,Weyerhaeuser Company,supply,0.063107571602761,2024,2024
WY,Weyerhaeuser Company,volumes,0.13242979495398924,2024,2024
WYNN,"Wynn Resorts, Limited",beverage,0.07281303918728388,2024,2024
WYNN,"Wynn Resorts, Limited",capex,0.09233935438481403,2024,2024
WYNN,"Wynn Resorts, Limited",ebitda,0.17380650120912622,2024,2024
WYNN,"Wynn Resorts, Limited",food,0.0729404746302243,2024,2024
WYNN,"Wynn Resorts, Limited",hotel,0.08521097441952215,2024,2024
WYNN,"Wynn Resorts, Limited",market share,0.06373648602482877,2024,2024
WYNN,"Wynn Resorts, Limited",occupancy,0.06649504095164638,2024,2024
WYNN,"Wynn Resorts, Limited",opex,0.07815949698064585,2024,2024
WYNN,"Wynn Resorts, Limited",property,0.12018899606494418,2024,2024
WYNN,"Wynn Resorts, Limited",revpar,0.06279790484124728,2024,2024
XEL,Xcel Energy Inc.,clean energy,0.08802844918484387,2024,2024
XEL,Xcel Energy Inc.,data center,0.18393624589674354,2024,2024
XEL,Xcel Energy Inc.,data centers,0.10199026256070283,2024,2024
XEL,Xcel Energy Inc.,energy,0.21261001905524674,2024,2024
XEL,Xcel Energy Inc.,gas,0.19390287875377507,2024,2024
XEL,Xcel Energy Inc.,megawatts,0.15778976890088642,2024,2024
XEL,Xcel Energy Inc.,natural gas,0.09644705973335442,2024,2024
XOM,Exxon Mobil Corporation,barrels,0.12618537293440174,2024,2024
XOM,Exxon Mobil Corporation,energy,0.09066169512292821,2024,2024
XOM,Exxon Mobil Corporation,lng,0.2064293368694791,2024,2024
XOM,Exxon Mobil Corporation,oil,0.10505427754013827,2024,2024
XOM,Exxon Mobil Corporation,production,0.12277560476586973,2024,2024
XOM,Exxon Mobil Corporation,supply,0.11625500053235324,2024,2024
XOM,Exxon Mobil Corporation,upstream,0.18745376568233413,2024,2024
XYL,Xylem Inc.,backlog,0.2024674810947909,2024,2024
XYL,Xylem Inc.,ebitda,0.13536708994391597,2024,2024
XYL,Xylem Inc.,ebitda margin,0.1352894300106897,2024,2024
XYL,Xylem Inc.,industrial,0.0656237817026018,2024,2024
XYL,Xylem Inc.,inflation,0.07603207660280276,2024,2024
XYL,Xylem Inc.,infrastructure,0.07383233716357064,2024,2024
XYL,Xylem Inc.,orders,0.20746883868128402,2024,2024
XYL,Xylem Inc.,productivity,0.0982690676573648,2024,2024
XYL,Xylem Inc.,utilities,0.07827792039390408,2024,2024
YUM,"Yum! Brands, Inc.",ai,0.08648305468510462,2024,2024
YUM,"Yum! Brands, Inc.",consumer,0.10788700713156225,2024,2024
YUM,"Yum! Brands, Inc.",digital,0.16554700027523792,2024,2024
YUM,"Yum! Brands, Inc.",loyalty,0.07220537352150677,2024,2024
YUM,"Yum! Brands, Inc.",operating profit,0.16245149650235396,2024,2024
YUM,"Yum! Brands, Inc.",profit,0.11906548698457518,2024,2024
YUM,"Yum! Brands, Inc.",restaurant,0.20147162781633654,2024,2024
YUM,"Yum! Brands, Inc.",restaurants,0.09040349887079834,2024,2024
YUM,"Yum! Brands, Inc.",sales growth,0.08618739703724368,2024,2024
YUM,"Yum! Brands, Inc.",store,0.18772531583961938,2024,2024
YUM,"Yum! Brands, Inc.",store sales,0.24569849425186366,2024,2024
YUM,"Yum! Brands, Inc.",stores,0.11717388312881924,2024,2024
ZBH,"Zimmer Biomet Holdings, Inc.",cash flow,0.1068515488951438,2024,2024
ZBH,"Zimmer Biomet Holdings, Inc.",eps,0.09580558139355562,2024,2024
ZBH,"Zimmer Biomet Holdings, Inc.",free cash,0.11834926076175876,2024,2024
ZBH,"Zimmer Biomet Holdings, Inc.",gross,0.12994213326359874,2024,2024
ZBH,"Zimmer Biomet Holdings, Inc.",gross margin,0.13307274673690422,2024,2024
ZBH,"Zimmer Biomet Holdings, Inc.",operating margin,0.12433667139899526,2024,2024
ZBH,"Zimmer Biomet Holdings, Inc.",revenue growth,0.08866759173637767,2024,2024
ZBH,"Zimmer Biomet Holdings, Inc.",robotics,0.15161857389621577,2024,2024
ZBRA,Zebra Technologies Corporation,ai,0.12586273113607727,2024,2024
ZBRA,Zebra Technologies Corporation,ebitda,0.0828640934012916,2024,2024
ZBRA,Zebra Technologies Corporation,gross margin,0.08879182396453324,2024,2024
ZBRA,Zebra Technologies Corporation,healthcare,0.19685516071872208,2024,2024
ZBRA,Zebra Technologies Corporation,manufacturing,0.16948684301777756,2024,2024
ZBRA,Zebra Technologies Corporation,orders,0.12280729527936572,2024,2024
ZBRA,Zebra Technologies Corporation,retail,0.2453687872024711,2024,2024
ZBRA,Zebra Technologies Corporation,software,0.18350116094498536,2024,2024
ZBRA,Zebra Technologies Corporation,supply,0.08153899490116932,2024,2024
ZBRA,Zebra Technologies Corporation,supply chain,0.08613361002123035,2024,2024
ZTS,Zoetis Inc.,adjusted net,0.09500087221605456,2024,2024
ZTS,Zoetis Inc.,health,0.07414648102562263,2024,2024
ZTS,Zoetis Inc.,net income,0.059304960568657784,2024,2024
ZTS,Zoetis Inc.,patients,0.10787478722172285,2024,2024
